AA11,AA12,a,b,bn,bs,city,commid,cp,e,el,es,f,fi,g,id,j,k,l,lat,lon,m,mark,msg,note,p,parkmain,pimg,pu,punit,r,reid,s,sq,t,town,tp,tunit,type,unit,v
住,,七堵區明德一路００２巷００１９號#七堵區明德一路２巷１９號,公寓(5樓含以下無電梯),,86.78%,C,,,114/03/03,無,,一層/五層,,29,0,4,1,0,25.10017515089112,121.71667874948866,無,,總價/總面積,其他增建;,"311,798",N,bt_01.png,住家用,1,37,,27.26,d6nzFXJ2MKeaGryUEpgRtkplVi7M0vYqCHc6MAMQKN8=,房地(土地+建物),C02,"8,500,000",1,Biz,2,3房2廳2衛
住,,七堵區泰安路００１７號#七堵區泰安路１７號,透天厝,,,C,,,114/03/10,無,,全/一層,,58,1,1,1,0,25.088570335024205,121.70812518688024,無,,總價/總面積,,,N,bt_02.png,住家用,1,11,,26.24,oOAYXONhS4D0AiadblEr/EplVi7M0vYqCHc6MAMQKN8=,房地(土地+建物),C02,"6,300,000",1,Biz,2,3房2廳1衛
住,,七堵區崇智街００１６之２號#七堵區崇智街１６之２號,公寓(5樓含以下無電梯),,100.00%,C,,,114/03/19,無,,三層/三層,,55,2,1,1,0,25.0984449639676,121.71415043704265,無,,總價/總面積,本建物與七堵區崇智街14之2號打通使用(格局以打通後現況登載)親友、員工、共有人或其他特殊關係間之交易;頂樓加蓋;,"308,040",N,bt_01.png,住家用,1,9,,19.48,a8ffQHi1O4IJzpGBdc2RPEplVi7M0vYqCHc6MAMQKN8=,房地(土地+建物),C02,"6,000,000",1,Biz,2,3房1衛
住,,七堵區東新街０７３巷０６４弄０００６之１號#七堵區東新街７３巷６４弄６之１號,公寓(5樓含以下無電梯),,100.00%,C,,,114/03/14,無,,二層/四層,,47,3,1,1,0,25.095653740281065,121.7200925839848,無,,總價/總面積,,"198,694",N,bt_01.png,住家用,1,11,,20.13,nXBWhOUkhLGPBX0fL8CwFEplVi7M0vYqCHc6MAMQKN8=,房地(土地+建物),C02,"4,000,000",1,Biz,2,3房1廳1衛
住,,七堵區福三街００８７號３樓#七堵區福三街８７號３樓,公寓(5樓含以下無電梯),,87.06%,C,,,114/03/12,無,,三層/五層,,30,4,1,1,0,25.083285033644632,121.69753733620668,無,,總價/總面積,親友、員工、共有人或其他特殊關係間之交易;,"169,838",N,bt_01.png,住家用,1,20,,24.73,Iyr/7ymeyy/+lN40dw5NZkplVi7M0vYqCHc6MAMQKN8=,房地(土地+建物),C02,"4,200,000",1,Biz,2,2房1廳1衛
住,,七堵區工建路２０６巷０００８號#七堵區工建路２０６巷８號,公寓(5樓含以下無電梯),,97.19%,C,,,114/03/02,無,,一層/五層,,39,5,1,1,0,25.093074988688258,121.70056699983597,無,,總價/總面積,平台、防火巷其他增建;,"235,504",N,bt_01.png,住家用,1,20,,29.72,Er5omXw53TKroYR48xsyNkplVi7M0vYqCHc6MAMQKN8=,房地(土地+建物),C02,"7,000,000",1,Biz,2,4房4衛
6,,七堵區明德二路００１巷０００５之３號#七堵區明德二路１巷５之３號,公寓(5樓含以下無電梯),,100.00%,C,,,114/03/04,無,,四層/四層,,44,6,2,1,0,25.089712959892903,121.70705118047648,無,,總價/總面積,陽台頂樓加蓋;其他增建;,"212,569",N,bt_01.png,住家用,1,32,,20.46,UurHx/1uKzsszJ/WTa3igkplVi7M0vYqCHc6MAMQKN8=,房地(土地+建物),C02,"4,350,000",1,Biz,2,1房2廳1衛
商,,七堵區工建路００７２號１４樓之１#七堵區工建路７２號１４樓之１,住宅大樓(11層含以上有電梯),六堵首席,52.11%,C,JI+Gor4jzKXgULhxDmFR0UplVi7M0vYqCHc6MAMQKN8=,,114/02/17,有,65.19%,十四層/十五層,,12,7,1,1,1,25.08977406497246,121.7017874055121,有,,總價/總面積,二等親買賣親友、員工、共有人或其他特殊關係間之交易;,"237,511",N,bt_05.png,住家用,1,28,,54.73,JI+Gor4jzKXgULhxDmFR0UplVi7M0vYqCHc6MAMQKN8=,房地(土地+建物)+車位,C02,"13,000,000",1,Biz,2,2房1廳2衛
住,,七堵區福一街１７２巷００１８號#七堵區福一街１７２巷１８號,公寓(5樓含以下無電梯),,87.47%,C,,,114/02/03,無,,一層/五層,,32,8,1,1,0,25.08418900927329,121.69536156235341,無,,總價/總面積,一樓空地增建、鐵鋁窗增建其他增建;,"329,739",N,bt_01.png,住家用,1,27,,33.36,TjldLe6fRpUaPts8WAg3HEplVi7M0vYqCHc6MAMQKN8=,房地(土地+建物),C02,"11,000,000",1,Biz,2,4房2廳3衛
,乙種建築用地,七堵區長安街２１０巷００３６號四樓#七堵區長安街２１０巷３６號四樓,華廈(10層含以下有電梯),,55.76%,C,,,114/02/25,有,,四層/八層,-1,,9,1,1,0,25.07466071060672,121.69426693835572,有,,總價/總面積,原權利人因自備款不足，則無法購買車位。於114年2月25日換約預售屋、或土地及建物分件登記案件;,"231,035",N,bt_06.png,住家用,1,43,,16.40,DctkfkIneuUHQH81FrJb+0plVi7M0vYqCHc6MAMQKN8=,房地(土地+建物),C02,"3,790,000",1,Biz,2,2房1廳1衛
住,,七堵區崇禮街１２９巷００１２之６號#七堵區崇禮街１２９巷１２之６號,公寓(5樓含以下無電梯),,88.67%,C,,,114/02/25,無,,二層/五層,,43,10,1,1,0,25.100069834298303,121.71417970110669,無,,總價/總面積,陽台外推;,"282,430",N,bt_01.png,住家用,1,32,,29.39,QwgHrSbohLyAnUIRKNWLVkplVi7M0vYqCHc6MAMQKN8=,房地(土地+建物),C02,"8,300,000",1,Biz,2,3房2廳2衛
住,,七堵區明德一路００２巷００３弄００３８號底層#七堵區明德一路２巷３弄３８號底層,公寓(5樓含以下無電梯),,88.84%,C,,,114/02/06,無,,一層/四層,,44,11,1,1,0,25.100204294868796,121.71625259872344,無,,總價/總面積,"1樓增建沿著加蓋,鐵鋁窗增建,遮雨棚增建,廚房增建其他增建;","260,698",N,bt_01.png,住家用,1,12,,27.62,26STD+0RrWFo1UKWj0x2VEplVi7M0vYqCHc6MAMQKN8=,房地(土地+建物),C02,"7,200,000",1,Biz,2,3房2廳1衛
住,,七堵區崇信街０４１巷００２２號#七堵區崇信街４１巷２２號,公寓(5樓含以下無電梯),,100.00%,C,,,114/02/28,無,,一層/四層,,49,12,1,1,0,25.09927900605592,121.71154780253568,無,,總價/總面積,梯間增建其他增建;,"410,089",N,bt_01.png,住家用,1,14,,14.75,eIhz5FI9rnTuvTzdS/1B0EplVi7M0vYqCHc6MAMQKN8=,房地(土地+建物),C02,"6,050,000",1,Biz,2,2房1廳1衛
,乙種建築用地,七堵區長安街０２６０之１號#七堵區長安街２６０之１號,公寓(5樓含以下無電梯),,83.33%,C,,,114/02/28,無,,二層/三層,,43,13,1,1,0,25.073350371959926,121.69646999242848,無,,總價/總面積,後陽台外推其他增建;,"220,000",N,bt_01.png,住家用,1,12,,19.09,88C70j6Re5xvThsmdHPSKEplVi7M0vYqCHc6MAMQKN8=,房地(土地+建物),C02,"4,200,000",1,Biz,2,3房1廳1衛
商,,七堵區明德一路００３４之１３號#七堵區明德一路３４之１３號,公寓(5樓含以下無電梯),,100.00%,C,,,114/02/16,無,,二層/四層,,44,14,1,1,0,25.09956584540016,121.71759723616873,無,,總價/總面積,,"257,785",N,bt_01.png,住家用,1,25,,24.44,T/Y4depANGyszj/DEV4HREplVi7M0vYqCHc6MAMQKN8=,房地(土地+建物),C02,"6,300,000",1,Biz,2,3房1廳1衛
,丙種建築用地,七堵區綠葉街０６７巷００２６號#七堵區綠葉街６７巷２６號,透天厝,,,C,,,114/02/26,無,,全/四層,,26,15,2,1,1,25.089534067663152,121.66571038445107,有,,總價/總面積,車位外觀為自家一樓，建物謄本登記為地下層陽台外推;頂樓加蓋;,,N,bt_02.png,住家用,1,161,,61.98,hmcwLiO5iK7iaq35QgjJHkplVi7M0vYqCHc6MAMQKN8=,房地(土地+建物)+車位,C02,"12,300,000",1,Biz,2,4房3廳3衛
住,,七堵區福一街０１４０號３樓#七堵區福一街１４０號３樓,公寓(5樓含以下無電梯),寶吉第品,72.35%,C,DD4eGX4r/TPhRjurNKbGUEplVi7M0vYqCHc6MAMQKN8=,,114/02/17,無,,三層/四層,,26,16,1,1,0,25.083892716082566,121.6950129281453,無,,總價/總面積,親友、員工、共有人或其他特殊關係間之交易;,"78,063",N,bt_01.png,住家用,1,16,,23.11,DD4eGX4r/TPhRjurNKbGUEplVi7M0vYqCHc6MAMQKN8=,房地(土地+建物),C02,"1,803,860",1,Biz,2,2房1廳1衛
住,,七堵區泰安路００２１之１８號９樓#七堵區泰安路２１之１８號９樓,華廈(10層含以下有電梯),新天地,52.64%,C,4Cf6s5cB349S0KCI5qHaaUplVi7M0vYqCHc6MAMQKN8=,,114/02/12,有,,九層/十層,,17,17,1,1,1,25.08894055858191,121.7081074904335,有,,總價/總面積,,"281,620",N,bt_06.png,住家用,1,60,,46.16,4Cf6s5cB349S0KCI5qHaaUplVi7M0vYqCHc6MAMQKN8=,房地(土地+建物)+車位,C02,"13,000,000",1,Biz,2,3房2廳2衛
住,,七堵區自治北街００２１之１號#七堵區自治北街２１之１號,公寓(5樓含以下無電梯),,100.00%,C,,,114/02/28,無,,二層/四層,,52,18,1,1,0,25.097705639890954,121.71207406895967,無,,總價/總面積,其他增建;,"302,417",N,bt_01.png,住家用,1,11,,21.63,U2e0dZ6z57jXmEkcdXFE2EplVi7M0vYqCHc6MAMQKN8=,房地(土地+建物),C02,"6,540,000",1,Biz,2,2房2廳2衛
住,,七堵區百二街００７１號３樓#七堵區百二街７１號３樓,公寓(5樓含以下無電梯),,82.29%,C,,,114/02/11,無,,三層/五層,,27,19,1,1,0,25.080849485841373,121.69711710479346,無,,總價/總面積,親友、員工、共有人或其他特殊關係間之交易;,"99,471",N,bt_01.png,住家用,1,20,,30.16,Dr6VgcwwnXCQGL3BSvP+LEplVi7M0vYqCHc6MAMQKN8=,房地(土地+建物),C02,"3,000,000",1,Biz,2,3房2廳2衛
住,,七堵區東新街０８９巷０８０弄０００５號５樓#七堵區東新街８９巷８０弄５號５樓,公寓(5樓含以下無電梯),蘇州庭院NO3,84.69%,C,LX2xAblnnPVZv37NM4PtREplVi7M0vYqCHc6MAMQKN8=,,114/01/14,無,,五層/五層,,35,20,3,1,0,25.093826423509462,121.72270907382244,無,,總價/總面積,,"124,367",N,bt_01.png,住家用,1,40,,28.95,LX2xAblnnPVZv37NM4PtREplVi7M0vYqCHc6MAMQKN8=,房地(土地+建物),C02,"3,600,000",1,Biz,2,4房3廳3衛
住,,七堵區福三街００２８之２號#七堵區福三街２８之２號,公寓(5樓含以下無電梯),,100.00%,C,,,114/01/16,無,,三層/四層,,47,21,1,1,0,25.08129593073548,121.69817040431568,無,,總價/總面積,二親等買賣案件親友、員工、共有人或其他特殊關係間之交易;,"211,583",N,bt_01.png,住家用,1,28,,23.63,uH1IFMaDqvk5KpocpcZC0kplVi7M0vYqCHc6MAMQKN8=,房地(土地+建物),C02,"5,000,000",1,Biz,2,3房1廳1衛
商,,七堵區南興路０６３巷０００６之２號#七堵區南興路６３巷６之２號,公寓(5樓含以下無電梯),,100.00%,C,,,114/01/03,無,,三層/四層,,49,22,2,1,0,25.096677866126843,121.71366429759368,無,,總價/總面積,其他增建;,"225,861",N,bt_01.png,住家用,1,11,,26.79,MYdaacCk8QwMcEvKSbnhYUplVi7M0vYqCHc6MAMQKN8=,房地(土地+建物),C02,"6,050,000",1,Biz,2,2房1廳1衛
住,,七堵區實踐路２９４巷００４４之１號#七堵區實踐路２９４巷４４之１號,公寓(5樓含以下無電梯),,88.87%,C,,,114/01/06,無,,二層/五層,,42,23,1,1,0,25.087972451100146,121.6971177991722,無,,總價/總面積,"含土地增值稅或其他稅費305,000元;親友、員工、共有人或其他特殊關係間之交易;","88,099",N,bt_01.png,住家用,1,28,,26.16,98MLJozNyQEbd7pKlpk4FEplVi7M0vYqCHc6MAMQKN8=,房地(土地+建物),C02,"2,305,000",1,Biz,2,3房1廳1衛
住,,七堵區崇禮街１２９巷００５２號#七堵區崇禮街１２９巷５２號,透天厝,,,C,,,114/01/06,無,,全/二層,,55,24,1,1,0,25.099962607953717,121.71395104684885,無,,總價/總面積,親友、員工、共有人或其他特殊關係間之交易;頂樓加蓋;未登記建物;,,N,bt_02.png,住家用,1,9,,13.67,4tdt5md2vVKdu0hRCbX2lkplVi7M0vYqCHc6MAMQKN8=,房地(土地+建物),C02,"2,440,000",1,Biz,2,3房2廳2衛
,乙種建築用地,七堵區長安街２４５巷００３７號#七堵區長安街２４５巷３７號,透天厝,,,C,,,114/01/15,無,,全/二層,,43,25,1,1,0,25.073803801100436,121.6979594069518,無,,總價/總面積,,,N,bt_02.png,住家用,1,15,,69.26,lGly+ZeyXo9EO99YliQ/PEplVi7M0vYqCHc6MAMQKN8=,房地(土地+建物),C02,"10,000,000",1,Biz,2,3房2廳2衛
商,,七堵區東新街００４巷００１４號#七堵區東新街４巷１４號,公寓(5樓含以下無電梯),,84.53%,C,,,114/01/15,無,,二層/四層,,44,26,1,1,0,25.092773903869265,121.71448432502008,無,,總價/總面積,,"188,410",N,bt_01.png,住家用,1,33,,37.15,fpEJeCgL702QETg2OCU9UEplVi7M0vYqCHc6MAMQKN8=,房地(土地+建物),C02,"7,000,000",1,Biz,2,4房2廳1衛
住,,七堵區福三街００３１之２號#七堵區福三街３１之２號,公寓(5樓含以下無電梯),,93.84%,C,,,114/01/10,無,,三層/四層,,47,27,1,1,0,25.081360434193336,121.69789320788678,無,,總價/總面積,,"233,213",N,bt_01.png,住家用,1,24,,29.16,X6+oH1+S7iCCb3slfJxAIEplVi7M0vYqCHc6MAMQKN8=,房地(土地+建物),C02,"6,800,000",1,Biz,2,3房2廳1衛
住,,七堵區堵南街０１２７號４樓#七堵區堵南街１２７號４樓,公寓(5樓含以下無電梯),,74.47%,C,,,114/01/07,無,,四層/五層,,31,28,3,1,0,25.081569808990373,121.681984082812,無,,總價/總面積,,"174,261",N,bt_01.png,住家用,1,48,,25.25,G5Was/yT229KT+UOu39bl0plVi7M0vYqCHc6MAMQKN8=,房地(土地+建物),C02,"4,400,000",1,Biz,2,3房2廳1衛
住,,七堵區崇禮街１２９巷０００１之２號#七堵區崇禮街１２９巷１之２號,公寓(5樓含以下無電梯),,100.00%,C,,,114/01/08,無,,三層/四層,,47,29,1,1,0,25.099536209665427,121.71438480432312,無,,總價/總面積,親友、員工、共有人或其他特殊關係間之交易;陽台外推;,"109,174",N,bt_01.png,住家用,1,34,,2.29,Jk9EEi4oO023e/uRA4jfMEplVi7M0vYqCHc6MAMQKN8=,房地(土地+建物),C02,"250,000",1,Biz,2,3房2廳1衛
住,,七堵區福六街００２９號５樓#七堵區福六街２９號５樓,公寓(5樓含以下無電梯),夏綠蒂,67.53%,C,8zdQRjcFo8bfC9TRiWRRpUplVi7M0vYqCHc6MAMQKN8=,,114/01/22,無,,五層/五層,,30,30,1,1,1,25.082325329298477,121.70003989028304,無,,總價/總面積,,"176,473",N,bt_01.png,住家用,1,44,,50.43,8zdQRjcFo8bfC9TRiWRRpUplVi7M0vYqCHc6MAMQKN8=,房地(土地+建物)+車位,C02,"8,900,000",1,Biz,2,3房2廳2衛
住,,七堵區百五街０００４之２號#七堵區百五街４之２號,公寓(5樓含以下無電梯),,100.00%,C,,,114/01/11,無,,三層/五層,,44,31,1,1,0,25.083520496242034,121.69545691646073,無,,總價/總面積,,"178,916",N,bt_01.png,住家用,1,18,,29.06,dSVaWRNyguiu2T4iu5JqckplVi7M0vYqCHc6MAMQKN8=,房地(土地+建物),C02,"5,200,000",1,Biz,2,3房1廳1衛
住,,七堵區福一街０１６７號#七堵區福一街１６７號,華廈(10層含以下有電梯),山水京站大樓,62.51%,C,yF+mRojDOn0C6CnRz02lxEplVi7M0vYqCHc6MAMQKN8=,,114/01/13,有,,一層/六層,,22,32,1,1,0,25.085222879328214,121.69435625194093,無,,總價/總面積,親友、員工、共有人或其他特殊關係間之交易;,"116,010",N,bt_06.png,住家用,1,21,,62.93,yF+mRojDOn0C6CnRz02lxEplVi7M0vYqCHc6MAMQKN8=,房地(土地+建物),C02,"7,300,000",1,Biz,2,2房2廳3衛
,丙種建築用地,七堵區麗景二街００２４號#七堵區麗景二街２４號,透天厝,,,C,,,114/01/09,有,,全/三層,,34,33,1,1,0,25.08631028384029,121.66990612973358,有,,總價/總面積,其他增建;,,N,bt_02.png,住家用,1,16,,117.45,cKlADNuUDn+IfLg9c03k/UplVi7M0vYqCHc6MAMQKN8=,房地(土地+建物),C02,"21,000,000",1,Biz,2,3房8廳4衛
住,,七堵區實踐路００８６號#七堵區實踐路８６號,華廈(10層含以下有電梯),摩登雙星,61.36%,C,MkfeEDPUS9Fk3KeCsoa4PEplVi7M0vYqCHc6MAMQKN8=,,114/01/24,有,80.05%,一層/七層,,28,34,1,1,1,25.08160257196738,121.69438539245485,有,,總價/總面積,本案依土地法第34條之1第一至三項規定辦理。夾層;,"258,142",N,bt_06.png,住家用,1,35,,38.74,MkfeEDPUS9Fk3KeCsoa4PEplVi7M0vYqCHc6MAMQKN8=,房地(土地+建物)+車位,C02,"10,000,000",1,Biz,2,
住,,七堵區崇禮街００８３號#七堵區崇禮街８３號,透天厝,,,C,,,114/01/08,無,,全/一層,,,35,1,1,0,25.099083919653488,121.71457054969831,無,,總價/總面積,鐵鋁窗、遮雨棚增建夾層;其他增建;,,N,bt_02.png,住家用,1,7,,10.80,aDBI3iv0dLRPXqt5N+yAQUplVi7M0vYqCHc6MAMQKN8=,房地(土地+建物),C02,"6,000,000",1,Biz,2,2房1廳1衛
住,,七堵區百三街００６０之１號#七堵區百三街６０之１號,公寓(5樓含以下無電梯),,100.00%,C,,,114/01/29,無,,二層/四層,,46,36,2,1,0,25.081720608560865,121.69617039332783,無,,總價/總面積,,"234,860",N,bt_01.png,住家用,1,22,,23.08,3e5vHMu7dBWmqZeToGjUdkplVi7M0vYqCHc6MAMQKN8=,房地(土地+建物),C02,"5,420,000",1,Biz,2,3房1廳1衛
,乙種建築用地,七堵區長安街２５５巷００３５號#七堵區長安街２５５巷３５號,透天厝,,,C,,,114/01/03,無,,全/二層,,43,37,1,1,0,25.072433190758236,121.69761462246322,無,,總價/總面積,其他增建;,,N,bt_02.png,住家用,1,12,,37.03,0NeWnrx7GdO6uJNqhcm0DUplVi7M0vYqCHc6MAMQKN8=,房地(土地+建物),C02,"5,800,000",1,Biz,2,3房2廳2衛
住,,七堵區百七街０００３號#七堵區百七街３號,透天厝,,,C,,,114/01/09,無,,全/三層,,32,38,1,1,0,25.0865490204199,121.69456200172749,無,,總價/總面積,一樓空地增建陽台外推;其他增建;,,N,bt_02.png,住家用,1,11,,59.70,OQlA1+hpsfp8iOYzfzyqmkplVi7M0vYqCHc6MAMQKN8=,房地(土地+建物),C02,"16,380,000",1,Biz,2,
商,,七堵區開元路０１２８號３樓#七堵區開元路１２８號３樓,公寓(5樓含以下無電梯),,100.00%,C,,,114/01/06,無,,三層/三層,,,39,1,1,0,25.095416494478503,121.71125777864013,無,,總價/總面積,前後陽台其他增建;,"246,790",N,bt_01.png,住家用,1,11,,25.12,ZjbbR8hukbHJSciLLOJQOEplVi7M0vYqCHc6MAMQKN8=,房地(土地+建物),C02,"6,200,000",1,Biz,2,3房1廳1衛
住,,七堵區明德二路００１５之２３號１１樓之８#七堵區明德二路１５之２３號１１樓之８,住宅大樓(11層含以上有電梯),幸福人生,71.14%,C,GfXlPF+R+0ZKDF5joTnCsEplVi7M0vYqCHc6MAMQKN8=,,114/01/11,有,,十一層/十二層,,29,40,1,1,0,25.08876132510615,121.7059353973718,有,,總價/總面積,,"354,083",N,bt_05.png,住家用,1,112,,19.49,GfXlPF+R+0ZKDF5joTnCsEplVi7M0vYqCHc6MAMQKN8=,房地(土地+建物),C02,"6,900,000",1,Biz,2,2房1廳1衛
住,,七堵區明德二路００１５之５１號６樓之６#七堵區明德二路１５之５１號６樓之６,住宅大樓(11層含以上有電梯),幸福人生,69.04%,C,x+rTMw2r/n0wJNO2HoPONkplVi7M0vYqCHc6MAMQKN8=,,114/01/12,有,,六層/十二層,,29,41,1,1,0,25.08876132510615,121.7059353973718,有,,總價/總面積,,"343,603",N,bt_05.png,住家用,1,112,,18.04,x+rTMw2r/n0wJNO2HoPONkplVi7M0vYqCHc6MAMQKN8=,房地(土地+建物),C02,"6,200,000",1,Biz,2,2房1廳1衛
住,,七堵區泰安路００２１之９號８樓#七堵區泰安路２１之９號８樓,華廈(10層含以下有電梯),新天地,52.53%,C,x7D997NJhxKgyDzuPXXiUkplVi7M0vYqCHc6MAMQKN8=,,114/01/04,有,66.19%,八層/十層,,17,42,1,1,1,25.08894055858191,121.7081074904335,有,,總價/總面積,鐵鋁窗增建其他增建;,"284,489",N,bt_06.png,住家用,1,60,,46.26,x7D997NJhxKgyDzuPXXiUkplVi7M0vYqCHc6MAMQKN8=,房地(土地+建物)+車位,C02,"13,160,000",1,Biz,2,3房2廳2衛
住,,七堵區福五街０２２４號３樓#七堵區福五街２２４號３樓,華廈(10層含以下有電梯),富麗堂皇,66.39%,C,oWm1FjmPXQrmQPnjgAuD/kplVi7M0vYqCHc6MAMQKN8=,,114/01/13,有,,三層/五層,,29,43,2,1,0,25.088438909800974,121.69775490649776,有,,總價/總面積,夾層;,"359,798",N,bt_06.png,住家用,1,36,,18.34,oWm1FjmPXQrmQPnjgAuD/kplVi7M0vYqCHc6MAMQKN8=,房地(土地+建物),C02,"6,600,000",1,Biz,2,4房2廳2衛
住,,七堵區福一街０５６巷０００４之３號#七堵區福一街５６巷４之３號,公寓(5樓含以下無電梯),,100.00%,C,,,113/12/28,無,,四層/四層,,46,44,1,1,0,25.081371277607353,121.69558355389209,無,,總價/總面積,其他增建;,"261,012",N,bt_01.png,住家用,1,32,,17.62,3w2Fp5ZACiAHcCRPjlfG3EplVi7M0vYqCHc6MAMQKN8=,房地(土地+建物),C02,"4,600,000",1,Biz,2,2房2廳1衛
住,,七堵區永富路００１１號３樓#七堵區永富路１１號３樓,華廈(10層含以下有電梯),,67.25%,C,,,113/12/25,有,,三層/七層,,27,45,1,1,0,25.09966205538081,121.71636841340555,無,,總價/總面積,,"276,539",N,bt_06.png,住家用,1,12,,30.74,0Ya1Db7q6DWPml/C1y0peEplVi7M0vYqCHc6MAMQKN8=,房地(土地+建物),C02,"8,500,000",1,Biz,2,3房2廳2衛
住,,七堵區明德二路０００１之３號９樓#七堵區明德二路１之３號９樓,住宅大樓(11層含以上有電梯),台北333,73.00%,C,hy3GHpd9FcrKTDB7aVK9tkplVi7M0vYqCHc6MAMQKN8=,,113/12/30,有,84.53%,九層/十二層,,28,46,1,1,1,25.089991639909588,121.70730062247422,有,,總價/總面積,親友、員工、共有人或其他特殊關係間之交易;,"203,431",N,bt_05.png,住家用,1,26,,39.32,hy3GHpd9FcrKTDB7aVK9tkplVi7M0vYqCHc6MAMQKN8=,房地(土地+建物)+車位,C02,"8,000,000",1,Biz,2,3房2廳2衛
,乙種建築用地,七堵區長安街２４７巷００２０號５樓#七堵區長安街２４７巷２０號５樓,公寓(5樓含以下無電梯),吉龍坡,71.87%,C,AgUm42zIpEr0Gfj1URVyJEplVi7M0vYqCHc6MAMQKN8=,,113/12/03,無,,五層/五層,,27,47,1,1,0,25.073390579967402,121.6975209235378,無,,總價/總面積,磚牆面隔間、屋頂鐵皮頂樓加蓋;,"128,119",N,bt_01.png,住家用,1,52,,35.12,AgUm42zIpEr0Gfj1URVyJEplVi7M0vYqCHc6MAMQKN8=,房地(土地+建物),C02,"4,500,000",1,Biz,2,3房2廳2衛
住,,七堵區大華一路００２５之２號#七堵區大華一路２５之２號,公寓(5樓含以下無電梯),,100.00%,C,,,113/12/11,無,,三層/五層,,43,48,1,1,0,25.10185836065443,121.71770975905125,無,,總價/總面積,親友、員工、共有人或其他特殊關係間之交易;,"148,354",N,bt_01.png,住家用,1,41,,28.31,XatKGB/yU/2wvwYPq0wD3kplVi7M0vYqCHc6MAMQKN8=,房地(土地+建物),C02,"4,200,000",1,Biz,2,3房2廳1衛
,乙種建築用地,七堵區長安街２３１巷０１２０之２號及２３１#七堵區長安街２３１巷１２０之２號及２３１巷１２２之２號,公寓(5樓含以下無電梯),,85.28%,C,,,113/12/24,無,,三層/三層,,43,49,2,2,0,25.07523807473368,121.69820543611597,無,,總價/總面積,標的物為2戶打通，長安街231巷120之2號價格:350萬、長安街231巷122之2號價格:350萬。頂樓加蓋;,"110,879",N,bt_01.png,住家用,1,20,,63.13,OiXoEkJTk9ly2/spPqYVHUplVi7M0vYqCHc6MAMQKN8=,房地(土地+建物),C02,"7,000,000",1,Biz,2,5房2廳2衛
住,,七堵區大華一路０５７巷００４１之３號#七堵區大華一路５７巷４１之３號,公寓(5樓含以下無電梯),,88.50%,C,,,113/12/22,無,,四層/四層,,44,50,1,1,0,25.10148404630658,121.71670620643351,無,,總價/總面積,頂樓加蓋;,"246,013",N,bt_01.png,住家用,1,44,,26.02,K3h4nR6CoJTr610sbCMk9UplVi7M0vYqCHc6MAMQKN8=,房地(土地+建物),C02,"6,400,000",1,Biz,2,6房4廳3衛
住,,七堵區明德一路１７２巷０００７之２號#七堵區明德一路１７２巷７之２號,公寓(5樓含以下無電梯),,84.28%,C,,,113/12/28,無,,三層/五層,,43,51,1,1,0,25.098317007876233,121.71447686542214,無,,總價/總面積,陽台外推;,"291,127",N,bt_01.png,住家用,1,34,,30.57,5ktXyxh8jmJs8Hqa4adwLkplVi7M0vYqCHc6MAMQKN8=,房地(土地+建物),C02,"8,900,000",1,Biz,2,4房1廳2衛
,乙種建築用地,七堵區長安街２８６巷００４８號#七堵區長安街２８６巷４８號,透天厝,,,C,,,113/12/24,無,,全/二層,,43,52,1,1,0,25.07363172176243,121.6961543896127,無,,總價/總面積,,,N,bt_02.png,住家用,1,12,,37.03,YDDsU3HiT8Q4XIe0YCHy3UplVi7M0vYqCHc6MAMQKN8=,房地(土地+建物),C02,"8,550,000",1,Biz,2,3房3廳3衛
住,,七堵區長安街２３３巷００４３號#七堵區長安街２３３巷４３號,公寓(5樓含以下無電梯),,75.62%,C,,,113/12/20,無,,一層/五層,,27,53,1,1,0,25.07538521276468,121.69570833070938,無,,總價/總面積,,"250,179",N,bt_01.png,住家用,1,37,,31.98,mZBuzKnqWp9cpHyDQa5s80plVi7M0vYqCHc6MAMQKN8=,房地(土地+建物),C02,"8,000,000",1,Biz,2,3房2廳2衛
住,,七堵區明德二路００１５之６號１３樓#七堵區明德二路１５之６號１３樓,住宅大樓(11層含以上有電梯),上品硯,63.93%,C,ovWl7Uhq+ZkPtiuNTrOxEUplVi7M0vYqCHc6MAMQKN8=,,113/12/13,有,,十三層/十三層,,12,54,1,1,0,25.089870816124847,121.7061301215618,有,,總價/總面積,,"309,864",N,bt_05.png,住家用,1,30,,42.53,ovWl7Uhq+ZkPtiuNTrOxEUplVi7M0vYqCHc6MAMQKN8=,房地(土地+建物),C02,"13,180,000",1,Biz,2,3房2廳2衛
住,,七堵區百一街０１６１之２號#七堵區百一街１６１之２號,公寓(5樓含以下無電梯),,100.00%,C,,,113/12/29,無,,三層/五層,,45,55,1,1,0,25.080815082504802,121.69867323455856,無,,總價/總面積,,"203,329",N,bt_01.png,住家用,1,32,,31.23,mKLglU8ttXkvCYdlzf+au0plVi7M0vYqCHc6MAMQKN8=,房地(土地+建物),C02,"6,350,000",1,Biz,2,3房2廳2衛
住,,七堵區泰安路００２巷０００１之７號#七堵區泰安路２巷１之７號,公寓(5樓含以下無電梯),,100.00%,C,,,113/12/11,無,,三層/四層,,47,56,3,1,0,25.08969745330289,121.70840925426103,無,,總價/總面積,未登記建物;,"107,088",N,bt_01.png,住家用,1,17,,25.21,gVidbJM/hLJDCuUVRTQxUEplVi7M0vYqCHc6MAMQKN8=,房地(土地+建物),C02,"2,700,000",1,Biz,2,3房1廳1衛
住,,七堵區福一街０８７巷００１５之３號#七堵區福一街８７巷１５之３號,公寓(5樓含以下無電梯),,100.00%,C,,,113/12/28,無,,四層/四層,,44,57,1,1,0,25.08280259547677,121.6945309453889,無,,總價/總面積,頂樓加蓋;,"207,415",N,bt_01.png,住家用,1,58,,24.11,aMcwa12TR1JVOj/skUY5CEplVi7M0vYqCHc6MAMQKN8=,房地(土地+建物),C02,"5,000,000",1,Biz,2,3房2廳1衛
住,,七堵區崇信街０４１巷００１８之２號#七堵區崇信街４１巷１８之２號,公寓(5樓含以下無電梯),,92.05%,C,,,113/12/06,無,,三層/五層,,44,58,1,1,0,25.099541333670064,121.71144026200975,無,,總價/總面積,鐵鋁窗及遮雨棚其他增建;,"185,795",N,bt_01.png,住家用,1,20,,36.60,14taUPlF9m2ZXmR0XsGqpUplVi7M0vYqCHc6MAMQKN8=,房地(土地+建物),C02,"6,800,000",1,Biz,2,3房2廳2衛
住,,七堵區福五街０２０６號４樓#七堵區福五街２０６號４樓,華廈(10層含以下有電梯),富麗堂皇,65.33%,C,Ah1N4/vORqul9zWwElUb40plVi7M0vYqCHc6MAMQKN8=,,113/12/13,有,,四層/五層,,29,59,2,2,0,25.088438909800974,121.69775490649776,無,,總價/總面積,,"391,507",N,bt_06.png,住家用,1,36,,20.43,Ah1N4/vORqul9zWwElUb40plVi7M0vYqCHc6MAMQKN8=,房地(土地+建物),C02,"8,000,000",1,Biz,2,2房2廳2衛
商,,七堵區百五街００６７之３號#七堵區百五街６７之３號,公寓(5樓含以下無電梯),,95.27%,C,,,113/12/08,無,,四層/五層,,44,60,1,1,0,25.084172260973514,121.69700705367049,無,,總價/總面積,,"239,147",N,bt_01.png,住家用,1,27,,30.53,Y6/cyUe2KFnujTSaxYEsuUplVi7M0vYqCHc6MAMQKN8=,房地(土地+建物),C02,"7,300,000",1,Biz,2,3房2廳2衛
住,,七堵區百七街００２７號５樓#七堵區百七街２７號５樓,公寓(5樓含以下無電梯),,86.49%,C,,,113/12/20,無,,五層/五層,,29,61,1,1,0,25.086744548965825,121.6952173882317,無,,總價/總面積,前陽台增建其他增建;,"183,557",N,bt_01.png,住家用,1,25,,33.78,WVIuKsWKrTC3dHYM8lU+NkplVi7M0vYqCHc6MAMQKN8=,房地(土地+建物),C02,"6,200,000",1,Biz,2,3房2廳2衛
6,,七堵區明德二路００１巷００１４號５樓#七堵區明德二路１巷１４號５樓,公寓(5樓含以下無電梯),,84.35%,C,,,113/12/23,無,,五層/五層,,35,62,2,1,0,25.08960633588995,121.70669367846767,無,,總價/總面積,其他增建;,"113,554",N,bt_01.png,住家用,1,55,,33.02,d1i0EuiRmZALpZaDd50o9kplVi7M0vYqCHc6MAMQKN8=,房地(土地+建物),C02,"3,750,000",1,Biz,2,3房2廳1衛
住,,七堵區溪頭街００２２之２號#七堵區溪頭街２２之２號,公寓(5樓含以下無電梯),,95.27%,C,,,113/12/26,無,,三層/五層,,43,63,1,1,0,25.082708356401795,121.68957388560459,無,,總價/總面積,親友、員工、共有人或其他特殊關係間之交易;,"96,545",N,bt_01.png,住家用,1,48,,33.14,4VIl45O47FHvrtV2/RMyV0plVi7M0vYqCHc6MAMQKN8=,房地(土地+建物),C02,"3,200,000",1,Biz,2,4房2廳2衛
住,,七堵區崇孝街０４２巷０４８弄０００６之４號#七堵區崇孝街４２巷４８弄６之４號,公寓(5樓含以下無電梯),,89.80%,C,,,113/11/11,無,,五層/五層,,43,64,1,1,0,25.099408776667953,121.71084463265191,無,,總價/總面積,親友、員工、共有人或其他特殊關係間之交易;,"137,012",N,bt_01.png,住家用,1,45,,27.37,oa0PXv4N5O/cLlz/cdYBqEplVi7M0vYqCHc6MAMQKN8=,房地(土地+建物),C02,"3,750,000",1,Biz,2,3房2廳2衛
住,,七堵區八德路００１９之２２號#七堵區八德路１９之２２號,透天厝,,,C,,,113/11/02,無,,全/二層,,51,65,1,1,0,25.11191860334659,121.72630562323748,無,,總價/總面積,鐵皮屋頂增建。其他增建;,,N,bt_02.png,住家用,1,8,,16.61,AD69ZJ8ukDvxktSM4th2YkplVi7M0vYqCHc6MAMQKN8=,房地(土地+建物),C02,"3,400,000",1,Biz,2,3房1廳1衛
商,,七堵區南興路００１６號２樓#七堵區南興路１６號２樓,華廈(10層含以下有電梯),,85.43%,C,,,113/11/12,有,,二層/五層,,23,66,1,1,0,25.09759385236268,121.71467094910462,有,,總價/總面積,電梯住宅,"302,413",N,bt_06.png,住家用,1,15,,49.60,EJqHJqah8ZyYd4h43g30kUplVi7M0vYqCHc6MAMQKN8=,房地(土地+建物),C02,"15,000,000",1,Biz,2,1房2廳2衛
,丙種建築用地,七堵區綠葉街０３０巷００１０號#七堵區綠葉街３０巷１０號,華廈(10層含以下有電梯),,41.74%,C,,,113/11/11,有,,一層/六層,,13,67,1,1,2,25.09165222601285,121.66646538104193,有,,總價/總面積,,"216,506",N,bt_06.png,住家用,1,69,,73.90,fk2ATDOEskfbLo+8bwWWh0plVi7M0vYqCHc6MAMQKN8=,房地(土地+建物)+車位,C02,"16,000,000",1,Biz,2,3房3廳3衛
住,,七堵區大華一路０６１巷０００２之３號#七堵區大華一路６１巷２之３號,公寓(5樓含以下無電梯),,100.00%,C,,,113/11/03,無,,四層/四層,,45,68,1,1,0,25.10159090328322,121.71514033106862,無,,總價/總面積,,"152,883",N,bt_01.png,住家用,1,53,,28.45,mHeoc5Eapke+iot3qGzinEplVi7M0vYqCHc6MAMQKN8=,房地(土地+建物),C02,"4,350,000",1,Biz,2,3房1廳2衛
住,,七堵區泰安路００２巷００１８之１號#七堵區泰安路２巷１８之１號,透天厝,,,C,,,113/11/19,無,,全/二層,,50,69,1,1,0,25.089410234949597,121.70806062552185,無,,總價/總面積,頂樓鐵皮加蓋親友、員工、共有人或其他特殊關係間之交易;其他增建;,,N,bt_02.png,住家用,1,10,,43.85,NSFRyJdEsNoewwB5ZZschUplVi7M0vYqCHc6MAMQKN8=,房地(土地+建物),C02,"4,500,000",1,Biz,2,4房2廳2衛
商,,七堵區光明路０１１８號４樓#七堵區光明路１１８號４樓,華廈(10層含以下有電梯),,79.82%,C,,,113/11/09,有,,四層/九層,,25,70,1,1,0,25.095387344847225,121.71356758371638,有,,總價/總面積,鐵鋁窗增建 遮雨棚增建其他增建;,"342,559",N,bt_06.png,住家用,1,16,,47.00,6Uswt3p9UArYjtb1+lTBFUplVi7M0vYqCHc6MAMQKN8=,房地(土地+建物),C02,"16,100,000",1,Biz,2,4房2廳2衛
住,,七堵區工建路０１９６之１號３樓#七堵區工建路１９６之１號３樓,華廈(10層含以下有電梯),全磐大樓,73.24%,C,xkKXdiLM+B7d5k4oqifHXUplVi7M0vYqCHc6MAMQKN8=,,113/11/24,有,,三層/七層,,30,71,1,1,0,25.091802808103086,121.70041104879944,有,,總價/總面積,陽台外推;其他增建;,"205,841",N,bt_06.png,住家用,1,25,,38.14,xkKXdiLM+B7d5k4oqifHXUplVi7M0vYqCHc6MAMQKN8=,房地(土地+建物),C02,"7,850,000",1,Biz,2,4房1廳2衛
住,,七堵區福一街０１６９號#七堵區福一街１６９號,公寓(5樓含以下無電梯),,91.52%,C,,,113/11/14,無,,一層/五層,,35,72,1,1,0,25.085385574058964,121.69431751681738,無,,總價/總面積,平台外推、後陽台增建其他增建;,"458,939",N,bt_01.png,住家用,1,29,,34.86,moruMVd4AwGdAE+93ysepkplVi7M0vYqCHc6MAMQKN8=,房地(土地+建物),C02,"16,000,000",1,Biz,2,3房2廳1衛
住,,七堵區百六街１０７巷０００７號２樓#七堵區百六街１０７巷７號２樓,公寓(5樓含以下無電梯),喜洋洋,80.19%,C,p+vzvCbnDfHyrZkSlXYDt0plVi7M0vYqCHc6MAMQKN8=,,113/11/12,無,,二層/五層,,26,73,1,1,0,25.08575372070351,121.69666904519008,無,,總價/總面積,其他增建;,"287,306",N,bt_01.png,住家用,1,68,,44.90,p+vzvCbnDfHyrZkSlXYDt0plVi7M0vYqCHc6MAMQKN8=,房地(土地+建物),C02,"12,900,000",1,Biz,2,4房2廳2衛
住,,七堵區工東街００２４號８樓之２#七堵區工東街２４號８樓之２,住宅大樓(11層含以上有電梯),大地遊龍,54.99%,C,SakN+clcfjOJPfTn1LZ5I0plVi7M0vYqCHc6MAMQKN8=,,113/11/26,有,74.44%,八層/十四層,,29,74,1,1,1,25.087975281955693,121.70416629145265,有,,總價/總面積,,"211,246",Y,bt_05.png,住家用,1,66,,41.66,SakN+clcfjOJPfTn1LZ5I0plVi7M0vYqCHc6MAMQKN8=,房地(土地+建物)+車位,C02,"8,800,000",1,Biz,2,3房2廳2衛
住,,七堵區南光街００１巷０００５之４號#七堵區南光街１巷５之４號,公寓(5樓含以下無電梯),,96.64%,C,,,113/11/23,無,,五層/五層,,41,75,1,1,0,25.09459384187342,121.71149095771906,無,,總價/總面積,親友、員工、共有人或其他特殊關係間之交易;頂樓加蓋;,"259,808",N,bt_01.png,住家用,1,26,,28.87,wF75hdlLtfzEkkXs/dtoPEplVi7M0vYqCHc6MAMQKN8=,房地(土地+建物),C02,"7,500,000",1,Biz,2,4房2廳1衛
住,,七堵區南光街００６８之２號#七堵區南光街６８之２號,公寓(5樓含以下無電梯),,88.54%,C,,,113/11/04,無,,二層/四層,,48,76,1,1,0,25.094059935535768,121.71175554621348,無,,總價/總面積,,"285,167",N,bt_01.png,住家用,1,11,,18.59,AFSeOsHEY4KV7WhkCJXX9EplVi7M0vYqCHc6MAMQKN8=,房地(土地+建物),C02,"5,300,000",1,Biz,2,2房1廳1衛
住,,七堵區崇廉街００７２之１號#七堵區崇廉街７２之１號,公寓(5樓含以下無電梯),,100.00%,C,,,113/10/14,無,,二層/四層,,44,77,3,1,0,25.10011707504805,121.71561756746715,無,,總價/總面積,親友、員工、共有人或其他特殊關係間之交易;,"133,236",N,bt_01.png,住家用,1,27,,26.27,HlNkat3br5GyVN2sM2qVLkplVi7M0vYqCHc6MAMQKN8=,房地(土地+建物),C02,"3,500,000",1,Biz,2,3房2廳2衛
住,,七堵區長安街２３３巷０００５號２樓#七堵區長安街２３３巷５號２樓,公寓(5樓含以下無電梯),東城華廈,85.02%,C,DRryHwHVdm8pVhXGuFGa9EplVi7M0vYqCHc6MAMQKN8=,,113/10/15,無,,二層/五層,,28,78,1,1,0,25.07607444023977,121.69697111484611,無,,總價/總面積,親友、員工、共有人或其他特殊關係間之交易;,"189,352",N,bt_01.png,住家用,1,67,,17.16,DRryHwHVdm8pVhXGuFGa9EplVi7M0vYqCHc6MAMQKN8=,房地(土地+建物),C02,"3,250,000",1,Biz,2,3房1廳2衛
,乙種建築用地,七堵區長安街０３００之１號#七堵區長安街３００之１號,公寓(5樓含以下無電梯),,83.36%,C,,,113/10/15,無,,二層/三層,,43,79,1,1,0,25.07202448084288,121.69621468836583,無,,總價/總面積,親友、員工、共有人或其他特殊關係間之交易;其他增建;,"157,170",N,bt_01.png,住家用,1,12,,9.54,4J0WbFzNDTUCA2ToSFAMMEplVi7M0vYqCHc6MAMQKN8=,房地(土地+建物),C02,"1,500,000",1,Biz,2,3房1廳1衛
住,,七堵區東新街０８９巷００４２號５樓#七堵區東新街８９巷４２號５樓,公寓(5樓含以下無電梯),蘇州庭院NO3,86.19%,C,igs0OBZLQO8A8SfMSEMSWkplVi7M0vYqCHc6MAMQKN8=,,113/10/08,無,,五層/五層,,35,80,3,1,0,25.093826423509462,121.72270907382244,有,,總價/總面積,,"120,109",N,bt_01.png,住家用,1,40,,29.14,igs0OBZLQO8A8SfMSEMSWkplVi7M0vYqCHc6MAMQKN8=,房地(土地+建物),C02,"3,500,000",1,Biz,2,3房2廳1衛
住,,七堵區明德一路００２巷００３弄０００８之３號#七堵區明德一路２巷３弄８之３號,公寓(5樓含以下無電梯),龍冠天下,100.00%,C,MhS5xIe/BFcB8i5Upbe/C0plVi7M0vYqCHc6MAMQKN8=,,113/10/25,無,,四層/四層,,47,81,1,1,0,25.09982803324778,121.71751945079274,無,,總價/總面積,,"178,013",N,bt_01.png,住家用,1,12,,24.72,MhS5xIe/BFcB8i5Upbe/C0plVi7M0vYqCHc6MAMQKN8=,房地(土地+建物),C02,"4,400,000",1,Biz,2,3房2廳1衛
,乙種建築用地,七堵區長安街２５５巷００１７號#七堵區長安街２５５巷１７號,透天厝,,,C,,,113/10/07,無,,全/二層,,43,82,2,1,0,25.072337231778917,121.69690039943825,無,,總價/總面積,,,N,bt_02.png,住家用,1,12,,37.03,9Kw3auDIMMYBs2no3Iy0IEplVi7M0vYqCHc6MAMQKN8=,房地(土地+建物),C02,"5,300,000",1,Biz,2,4房2廳2衛
住,,七堵區泰安路００２１之２０號６樓#七堵區泰安路２１之２０號６樓,華廈(10層含以下有電梯),新天地,53.87%,C,IRp7y02K4FMm+JTnyP22hEplVi7M0vYqCHc6MAMQKN8=,,113/10/28,有,,六層/九層,,17,83,1,1,1,25.08894055858191,121.7081074904335,有,,總價/總面積,,"307,739",N,bt_06.png,住家用,1,60,,45.49,IRp7y02K4FMm+JTnyP22hEplVi7M0vYqCHc6MAMQKN8=,房地(土地+建物)+車位,C02,"14,000,000",1,Biz,2,3房2廳2衛
住,,七堵區東新街００８３之７號１０樓#七堵區東新街８３之７號１０樓,華廈(10層含以下有電梯),水世界,58.22%,C,r9XkegecGtl7F97yzoz96kplVi7M0vYqCHc6MAMQKN8=,,113/10/20,有,,十層/十層,,26,84,2,1,1,25.09452597835291,121.72180109874597,有,,總價/總面積,車編16,"241,319",N,bt_06.png,住家用,1,65,,33.98,r9XkegecGtl7F97yzoz96kplVi7M0vYqCHc6MAMQKN8=,房地(土地+建物)+車位,C02,"8,200,000",1,Biz,2,3房2廳2衛
住,,七堵區八德路００１９之２０號#七堵區八德路１９之２０號,透天厝,,,C,,,113/10/28,無,,全/二層,,51,85,1,1,0,25.111981703790047,121.72632582683349,無,,總價/總面積,增建一、二樓後陽台其他增建;,,N,bt_02.png,住家用,1,8,,16.12,xcl2f9Doev4Cde7HRmgBpkplVi7M0vYqCHc6MAMQKN8=,房地(土地+建物),C02,"3,000,000",1,Biz,2,3房1廳1衛
住,,七堵區實踐路０１２６之１號#七堵區實踐路１２６之１號,公寓(5樓含以下無電梯),,92.95%,C,,,113/10/21,無,,二層/五層,,44,86,1,1,0,25.08280259547677,121.6945309453889,無,,總價/總面積,,"229,567",N,bt_01.png,住家用,1,58,,28.31,oz0qPVGNL4jZTwjwjyyY90plVi7M0vYqCHc6MAMQKN8=,房地(土地+建物),C02,"6,500,000",1,Biz,2,3房2廳1衛
住,,七堵區崇信街０１５巷０００５之２號#七堵區崇信街１５巷５之２號,公寓(5樓含以下無電梯),,100.00%,C,,,113/10/27,無,,三層/四層,,51,87,1,1,0,25.09787493917306,121.71254101888556,無,,總價/總面積,,"272,883",N,bt_01.png,住家用,1,13,,23.09,PDAXbypCWe0UvivSli9kVkplVi7M0vYqCHc6MAMQKN8=,房地(土地+建物),C02,"6,300,000",1,Biz,2,3房2廳1衛
,丙種建築用地,七堵區麗景一街０９４巷００１７號#七堵區麗景一街９４巷１７號,透天厝,,,C,,,113/10/10,無,,全/三層,,34,88,1,1,1,25.08684560989873,121.66931423879487,有,,總價/總面積,,,Y,bt_02.png,住家用,1,14,,105.64,JtdQE9cGkKbJCYEQYkP89EplVi7M0vYqCHc6MAMQKN8=,房地(土地+建物)+車位,C02,"21,000,000",1,Biz,2,5房3廳3衛
住,,七堵區明德一路００２巷００１９號３樓#七堵區明德一路２巷１９號３樓,公寓(5樓含以下無電梯),,86.78%,C,,,113/10/14,無,,三層/五層,,29,89,4,1,0,25.10017515089112,121.71667874948866,無,,總價/總面積,其他增建;,"198,083",N,bt_01.png,住家用,1,37,,27.26,za2REz+fyeKbQ6YKsU7TzUplVi7M0vYqCHc6MAMQKN8=,房地(土地+建物),C02,"5,400,000",1,Biz,2,3房1廳2衛
住,,七堵區百六街０８３巷００１２號４樓#七堵區百六街８３巷１２號４樓,公寓(5樓含以下無電梯),喜洋洋,56.21%,C,McMRnkwQM9tX55AxdA767UplVi7M0vYqCHc6MAMQKN8=,,113/10/20,無,77.75%,四層/五層,,26,90,1,1,1,25.08575372070351,121.69666904519008,有,,總價/總面積,,"210,122",N,bt_01.png,住家用,1,68,,42.36,McMRnkwQM9tX55AxdA767UplVi7M0vYqCHc6MAMQKN8=,房地(土地+建物)+車位,C02,"8,900,000",1,Biz,2,3房2廳2衛
住,,七堵區福二街０１４５號３樓#七堵區福二街１４５號３樓,公寓(5樓含以下無電梯),,68.35%,C,,,113/10/23,無,86.86%,三層/四層,,33,91,1,1,1,25.084196164082496,121.69575812962321,有,,總價/總面積,親友、員工、共有人或其他特殊關係間之交易;,"243,336",N,bt_01.png,住家用,1,57,,47.26,jCeZakzE0JAebkLgi6Sk4kplVi7M0vYqCHc6MAMQKN8=,房地(土地+建物)+車位,C02,"11,500,000",1,Biz,2,4房2廳2衛
住,,七堵區崇義街００２６之３號#七堵區崇義街２６之３號,公寓(5樓含以下無電梯),,100.00%,C,,,113/09/15,無,,四層/五層,,44,92,2,1,0,25.09883544032082,121.7155506241185,無,,總價/總面積,後陽台外推加窗陽台外推;其他增建;,"241,494",N,bt_01.png,住家用,1,31,,22.36,fWjHwgbUTJr3+nQIsGLQt0plVi7M0vYqCHc6MAMQKN8=,房地(土地+建物),C02,"5,400,000",1,Biz,2,3房2廳1衛
6,,七堵區明德二路００１巷０００６之３號#七堵區明德二路１巷６之３號,公寓(5樓含以下無電梯),,100.00%,C,,,113/09/18,無,,四層/四層,,43,93,2,1,0,25.089712959892903,121.70705118047648,無,,總價/總面積,頂樓加蓋;,"182,979",N,bt_01.png,住家用,1,32,,16.40,Q6VglB2kQblUUiBxYaaKW0plVi7M0vYqCHc6MAMQKN8=,房地(土地+建物),C02,"3,000,000",1,Biz,2,1房2廳1衛
6,,七堵區明德二路００１巷０００５之３號#七堵區明德二路１巷５之３號,公寓(5樓含以下無電梯),,100.00%,C,,,113/09/18,無,,四層/四層,,43,94,2,1,0,25.089712959892903,121.70705118047648,無,,總價/總面積,頂樓加蓋;,"219,898",N,bt_01.png,住家用,1,32,,20.46,E/vfUvOtbbn84iFY8rYyckplVi7M0vYqCHc6MAMQKN8=,房地(土地+建物),C02,"4,500,000",1,Biz,2,4房3衛
住,,七堵區堵南街００１２之６號５樓#七堵區堵南街１２之６號５樓,華廈(10層含以下有電梯),芳丹詩郡,67.14%,C,AHjUYlW7cqCB2SQ1tPcfK0plVi7M0vYqCHc6MAMQKN8=,,113/09/15,有,,五層/十層,,31,95,2,1,0,25.083341812258517,121.68925030203873,有,,總價/總面積,,"262,886",N,bt_06.png,住家用,1,48,,15.22,AHjUYlW7cqCB2SQ1tPcfK0plVi7M0vYqCHc6MAMQKN8=,房地(土地+建物),C02,"4,000,000",1,Biz,2,1房1廳1衛
住,,七堵區工建路１０４巷００２７號#七堵區工建路１０４巷２７號,透天厝,,,C,,,113/09/16,無,,全/二層,,52,96,1,1,0,25.089943804963852,121.70216509143422,無,,總價/總面積,親友、員工、共有人或其他特殊關係間之交易;,,N,bt_02.png,住家用,1,42,,13.42,+evyQVS5Gk0xQrlEnqSE+kplVi7M0vYqCHc6MAMQKN8=,房地(土地+建物),C02,"420,000",1,Biz,2,2房1廳1衛
住,,七堵區崇信街０３９巷０００６之１號#七堵區崇信街３９巷６之１號,公寓(5樓含以下無電梯),,100.00%,C,,,113/09/06,無,,二層/三層,,51,97,2,1,0,25.099312692700565,121.71205363015916,無,,總價/總面積,親友、員工、共有人或其他特殊關係間之交易;,"334,559",N,bt_01.png,住家用,1,12,,17.34,iL2YYbH7mQEVYbF6acly7EplVi7M0vYqCHc6MAMQKN8=,房地(土地+建物),C02,"5,800,000",1,Biz,2,3房2廳1衛
住,,七堵區大華一路０６１巷０００２之２號#七堵區大華一路６１巷２之２號,公寓(5樓含以下無電梯),,100.00%,C,,,113/09/10,無,,三層/四層,,45,98,1,1,0,25.10159090328322,121.71514033106862,無,,總價/總面積,,"172,212",N,bt_01.png,住家用,1,53,,28.45,jHZZjitNyYYfJZpSV97oQ0plVi7M0vYqCHc6MAMQKN8=,房地(土地+建物),C02,"4,900,000",1,Biz,2,3房1廳2衛
住,,七堵區東新街００６巷００８１之３號#七堵區東新街６巷８１之３號,公寓(5樓含以下無電梯),,100.00%,C,,,113/09/27,無,,四層/四層,,46,99,1,1,0,25.09237993720515,121.71568160725528,無,,總價/總面積,未登記建物;,"258,588",N,bt_01.png,住家用,1,15,,19.34,q6Eb6jUXT8N+RAIwra3EkUplVi7M0vYqCHc6MAMQKN8=,房地(土地+建物),C02,"5,000,000",1,Biz,2,4房2廳2衛
住,,七堵區明德二路００１５之５３號１１樓之１#七堵區明德二路１５之５３號１１樓之１,住宅大樓(11層含以上有電梯),幸福人生,44.84%,C,QAd/XnPK5x6TrvMYwS2DwkplVi7M0vYqCHc6MAMQKN8=,100,113/09/20,有,69.61%,十一層/十二層,,29,100,1,1,1,25.08876132510615,121.7059353973718,有,,(總價-車位總價)/(總面積-車位總面積),,"308,598",N,bt_05.png,住家用,1,112,,32.70,QAd/XnPK5x6TrvMYwS2DwkplVi7M0vYqCHc6MAMQKN8=,房地(土地+建物)+車位,C02,"7,500,000",1,Biz,2,2房2廳1衛
住,,七堵區福六街００１１之１號#七堵區福六街１１之１號,公寓(5樓含以下無電梯),,100.00%,C,,,113/09/18,無,,二層/五層,,42,101,1,1,0,25.081899439849003,121.70037450934302,無,,總價/總面積,陽台增建其他增建;,"170,631",N,bt_01.png,住家用,1,38,,26.96,ILy6KMF7Eyeq1BUnpECSDEplVi7M0vYqCHc6MAMQKN8=,房地(土地+建物),C02,"4,600,000",1,Biz,2,3房2廳1衛
住,,七堵區大華一路０６１巷００２１之１號#七堵區大華一路６１巷２１之１號,公寓(5樓含以下無電梯),,100.00%,C,,,113/09/18,無,,二層/四層,,48,102,1,1,0,25.101597588376322,121.71562618272202,無,,總價/總面積,陽台外推;,"234,886",N,bt_01.png,住家用,1,10,,19.58,+3n+udDMASmztSUPcdxmY0plVi7M0vYqCHc6MAMQKN8=,房地(土地+建物),C02,"4,600,000",1,Biz,2,3房2廳1衛
住,,七堵區永富路０１７６號４樓#七堵區永富路１７６號４樓,公寓(5樓含以下無電梯),,100.00%,C,,,113/09/24,無,,四層/四層,,50,103,1,1,0,25.098671698664603,121.71205983339142,無,,總價/總面積,頂樓加蓋;,"319,547",N,bt_01.png,住家用,1,10,,21.12,77hGbQgBzsggw6VDodThB0plVi7M0vYqCHc6MAMQKN8=,房地(土地+建物),C02,"6,750,000",1,Biz,2,2房2廳1衛
住,,七堵區百七街００６６號１１樓#七堵區百七街６６號１１樓,住宅大樓(11層含以上有電梯),我家鄉村,57.24%,C,w3zTx6SWEp7KeLK/v6lt/UplVi7M0vYqCHc6MAMQKN8=,,113/09/28,有,,十一層/十六層,,33,104,1,1,1,25.08669817001065,121.69740798135464,有,,總價/總面積,,"224,317",N,bt_05.png,住家用,1,67,,60.18,w3zTx6SWEp7KeLK/v6lt/UplVi7M0vYqCHc6MAMQKN8=,房地(土地+建物)+車位,C02,"13,500,000",1,Biz,2,4房2廳2衛
商,,七堵區永富路０００４號１１樓#七堵區永富路４號１１樓,住宅大樓(11層含以上有電梯),龍冠天下,63.09%,C,4GWMVvcY7VTHx9WbczTS9EplVi7M0vYqCHc6MAMQKN8=,,113/09/17,有,,十一層/十一層,,29,105,1,1,1,25.099549131640764,121.71731953605183,有,,總價/總面積,陽台外推;,"255,104",N,bt_05.png,住家用,1,31,,52.92,4GWMVvcY7VTHx9WbczTS9EplVi7M0vYqCHc6MAMQKN8=,房地(土地+建物)+車位,C02,"13,500,000",1,Biz,2,4房2廳2衛
住,,七堵區福五街０２０４號２樓#七堵區福五街２０４號２樓,華廈(10層含以下有電梯),富麗堂皇,66.80%,C,i64QsO8lq16NAWUp0sLPkUplVi7M0vYqCHc6MAMQKN8=,,113/09/17,有,,二層/五層,,29,106,2,1,0,25.088438909800974,121.69775490649776,有,,總價/總面積,夾層;,"383,217",N,bt_06.png,住家用,1,36,,18.79,i64QsO8lq16NAWUp0sLPkUplVi7M0vYqCHc6MAMQKN8=,房地(土地+建物),C02,"7,200,000",1,Biz,2,3房2廳2衛
住,,七堵區南光街００１巷０００３之１號#七堵區南光街１巷３之１號,公寓(5樓含以下無電梯),,83.05%,C,,,113/09/15,無,,二層/五層,,41,107,1,1,0,25.09459384187342,121.71149095771906,無,,總價/總面積,廚房及臥室增建其他增建;,"274,545",N,bt_01.png,住家用,1,26,,27.61,scb6f6J6vPZVt/ROjHOToEplVi7M0vYqCHc6MAMQKN8=,房地(土地+建物),C02,"7,580,000",1,Biz,2,4房2廳2衛
商,,七堵區永富路０００２號５樓#七堵區永富路２號５樓,住宅大樓(11層含以上有電梯),龍冠天下,76.00%,C,Tyw+ojK85OKp8UioqEMLWUplVi7M0vYqCHc6MAMQKN8=,,113/09/01,有,,五層/十一層,,29,108,1,1,0,25.099549131640764,121.71731953605183,有,,總價/總面積,陽台外推;,"234,889",N,bt_05.png,住家用,1,31,,37.46,Tyw+ojK85OKp8UioqEMLWUplVi7M0vYqCHc6MAMQKN8=,房地(土地+建物),C02,"8,800,000",1,Biz,2,3房2廳2衛
住,,七堵區崇智街００２０之１號#七堵區崇智街２０之１號,公寓(5樓含以下無電梯),,100.00%,C,,,113/09/04,無,,二層/三層,,54,109,1,1,0,25.098580674096702,121.71409173921604,無,,總價/總面積,親友、員工、共有人或其他特殊關係間之交易;,"212,241",N,bt_01.png,住家用,1,10,,21.20,G+dSkjNkYV6x54DVlcrZxkplVi7M0vYqCHc6MAMQKN8=,房地(土地+建物),C02,"4,500,000",1,Biz,2,3房2廳1衛
住,,七堵區永富路００２０號４樓#七堵區永富路２０號４樓,公寓(5樓含以下無電梯),,91.44%,C,,,113/09/25,無,,四層/四層,,40,110,3,1,0,25.099795563248044,121.71676576705264,無,,總價/總面積,頂樓加蓋;其他增建;,"169,904",N,bt_01.png,住家用,1,40,,35.31,5lmqqVbk5AOI63nVqYW9aEplVi7M0vYqCHc6MAMQKN8=,房地(土地+建物),C02,"6,000,000",1,Biz,2,5房2廳2衛
住,,七堵區東新街０７６巷０００１之７號#七堵區東新街７６巷１之７號,公寓(5樓含以下無電梯),,87.36%,C,,,113/09/16,無,,四層/五層,,31,111,1,1,0,25.09443549868871,121.71998631292055,無,,總價/總面積,,"197,812",N,bt_01.png,住家用,1,28,,30.33,HXRLQIH8QaLNB8DtG3URoEplVi7M0vYqCHc6MAMQKN8=,房地(土地+建物),C02,"6,000,000",1,Biz,2,3房2廳2衛
住,,七堵區明德二路００１５之５１號８樓之７#七堵區明德二路１５之５１號８樓之７,住宅大樓(11層含以上有電梯),幸福人生,40.66%,C,9OZDl6UHIfv0HWSbkIuTTUplVi7M0vYqCHc6MAMQKN8=,100,113/09/19,有,71.88%,八層/十二層,,29,112,1,1,1,25.08876132510615,121.7059353973718,有,,(總價-車位總價)/(總面積-車位總面積),鐵窗增建其他增建;,"310,311",N,bt_05.png,住家用,1,112,,26.78,9OZDl6UHIfv0HWSbkIuTTUplVi7M0vYqCHc6MAMQKN8=,房地(土地+建物)+車位,C02,"5,700,000",1,Biz,2,1房1廳1衛
,乙種建築用地,七堵區長安街２８６巷００９２號３樓#七堵區長安街２８６巷９２號３樓,公寓(5樓含以下無電梯),,85.52%,C,,,113/09/19,無,,三層/五層,,30,113,1,1,0,25.073815803607037,121.695402092931,無,,總價/總面積,,"141,884",N,bt_01.png,住家用,1,50,,32.77,wO7b9HNDBYizcGxC0Y7UJEplVi7M0vYqCHc6MAMQKN8=,房地(土地+建物),C02,"4,650,000",1,Biz,2,3房1廳2衛
住,,七堵區崇信街０４１巷００２２之７號#七堵區崇信街４１巷２２之７號,公寓(5樓含以下無電梯),,62.29%,C,,,113/09/22,無,,四層/四層,,49,114,1,1,0,25.09927900605592,121.71154780253568,無,,總價/總面積,陽台外推;其他增建;,"134,549",N,bt_01.png,住家用,1,14,,19.32,Eg+mqf3Mjq7FtQi42uziTEplVi7M0vYqCHc6MAMQKN8=,房地(土地+建物),C02,"2,600,000",1,Biz,2,1房2廳1衛
住,,七堵區福一街０２１０號３樓#七堵區福一街２１０號３樓,公寓(5樓含以下無電梯),,80.46%,C,,,113/09/04,無,,三層/五層,,32,115,1,1,1,25.086133516957794,121.69460922323023,無,,總價/總面積,親友、員工、共有人或其他特殊關係間之交易;,"69,455",N,bt_01.png,住家用,1,37,,50.39,eT2gMuWn/sgowxqmUD/jB0plVi7M0vYqCHc6MAMQKN8=,房地(土地+建物)+車位,C02,"3,500,000",1,Biz,2,3房1廳2衛
住,,七堵區崇智街０１１巷００２４之２號#七堵區崇智街１１巷２４之２號,公寓(5樓含以下無電梯),,88.01%,C,,,113/09/07,無,,三層/四層,,50,116,1,1,0,25.09928279880782,121.7126384045617,無,,總價/總面積,,"221,838",N,bt_01.png,住家用,1,12,,24.79,TCqgq/jYtfWiykELjA8tqEplVi7M0vYqCHc6MAMQKN8=,房地(土地+建物),C02,"5,500,000",1,Biz,2,3房1廳1衛
住,,七堵區工東街００２０號４樓之１#七堵區工東街２０號４樓之１,住宅大樓(11層含以上有電梯),大地遊龍,58.11%,C,7iYEXihoiZyRANBJAu+3iEplVi7M0vYqCHc6MAMQKN8=,,113/09/27,有,72.36%,四層/十四層,,29,117,1,1,1,25.087975281955693,121.70416629145265,有,,總價/總面積,親友、員工、共有人或其他特殊關係間之交易;,"118,770",N,bt_05.png,住家用,1,66,,50.52,7iYEXihoiZyRANBJAu+3iEplVi7M0vYqCHc6MAMQKN8=,房地(土地+建物)+車位,C02,"6,000,000",1,Biz,2,3房1廳2衛
住,,七堵區福二街０１５１號３樓#七堵區福二街１５１號３樓,公寓(5樓含以下無電梯),,91.64%,C,,,113/09/25,無,,三層/四層,,33,118,1,1,1,25.084196164082496,121.69575812962321,無,,總價/總面積,,"159,193",N,bt_01.png,住家用,1,57,,43.97,T7MV6PQVF/idxG509FW7rkplVi7M0vYqCHc6MAMQKN8=,房地(土地+建物)+車位,C02,"7,000,000",1,Biz,2,3房2廳2衛
商,,七堵區開元路００６９號２樓#七堵區開元路６９號２樓,公寓(5樓含以下無電梯),,100.00%,C,,,113/09/21,無,,二層/三層,,54,119,1,1,0,25.095983832296813,121.7134322466144,無,,總價/總面積,親友、員工、共有人或其他特殊關係間之交易;,"317,712",N,bt_01.png,住家用,1,11,,12.59,nO4B9B6L61iMH5b0L8muIEplVi7M0vYqCHc6MAMQKN8=,房地(土地+建物),C02,"4,000,000",1,Biz,2,3房2廳1衛
住,,七堵區百五街０００４之４號#七堵區百五街４之４號,公寓(5樓含以下無電梯),,95.53%,C,,,113/09/10,無,,五層/五層,,44,120,1,1,0,25.083520496242034,121.69545691646073,無,,總價/總面積,頂樓加蓋;,"161,048",N,bt_01.png,住家用,1,18,,30.43,bspp1DG2E9C03TplzixDO0plVi7M0vYqCHc6MAMQKN8=,房地(土地+建物),C02,"4,900,000",1,Biz,2,2衛
住,,七堵區明德二路００１５之５３號１１樓之２#七堵區明德二路１５之５３號１１樓之２,住宅大樓(11層含以上有電梯),幸福人生,70.67%,C,dMKKXaB2iKIeNd2T7oX+bUplVi7M0vYqCHc6MAMQKN8=,,113/09/27,有,,十一層/十二層,,29,121,1,1,0,25.08876132510615,121.7059353973718,有,,總價/總面積,,"289,544",N,bt_05.png,住家用,1,112,,19.62,dMKKXaB2iKIeNd2T7oX+bUplVi7M0vYqCHc6MAMQKN8=,房地(土地+建物),C02,"5,680,000",1,Biz,2,2房2廳1衛
其他,,七堵區光明路００６６號#七堵區光明路６６號,公寓(5樓含以下無電梯),,100.00%,C,,,113/08/20,無,,一層/四層,,43,122,2,1,0,25.096888594910677,121.71489487713686,無,,總價/總面積,"移轉建物持份分別1/4
移轉土地持份分別85/16000
個別移轉價格貳佰萬元整 
共計肆佰萬元
二親等親屬間買賣其他增建;","281,762",N,bt_01.png,住家用,1,38,,14.20,20hdi0nnPQ8RePGvybqmWkplVi7M0vYqCHc6MAMQKN8=,房地(土地+建物),C02,"4,000,000",1,Biz,2,3房1廳1衛
,乙種建築用地,七堵區長安街２４５巷００１９號#七堵區長安街２４５巷１９號,透天厝,,,C,,,113/08/24,無,,全/二層,,43,123,1,1,0,25.07395187203864,121.69718708351428,無,,總價/總面積,"平台外推 
頂樓3樓及4樓增建其他增建;",,N,bt_02.png,住家用,1,10,,30.86,eQncqTNQlevXur2unjg+aUplVi7M0vYqCHc6MAMQKN8=,房地(土地+建物),C02,"8,200,000",1,Biz,2,5房4廳6衛
住,,七堵區福二街０３０２號８樓#七堵區福二街３０２號８樓,住宅大樓(11層含以上有電梯),萬隆青田,58.48%,C,ZR4LMn2BEIMJGHVd6dcVfkplVi7M0vYqCHc6MAMQKN8=,,113/08/25,有,,八層/十五層,,8,124,1,1,0,25.08566613612927,121.69609357863911,有,,總價/總面積,,"402,179",N,bt_05.png,住家用,1,41,,38.94,ZR4LMn2BEIMJGHVd6dcVfkplVi7M0vYqCHc6MAMQKN8=,房地(土地+建物),C02,"15,660,000",1,Biz,2,3房2廳2衛
住,,七堵區大華一路００２７之３號#七堵區大華一路２７之３號,公寓(5樓含以下無電梯),,100.00%,C,,,113/08/16,無,,四層/五層,,43,125,1,1,0,25.10185836065443,121.71770975905125,無,,總價/總面積,,"187,230",N,bt_01.png,住家用,1,41,,29.38,GAQ8VqLmGbFQV+XWOwQaqEplVi7M0vYqCHc6MAMQKN8=,房地(土地+建物),C02,"5,500,000",1,Biz,2,4房2廳1衛
住,,七堵區長安街２３３巷００５６號７樓#七堵區長安街２３３巷５６號７樓,華廈(10層含以下有電梯),愛上里山,48.22%,C,RFifqe+Q2r6hliqpwd1FnUplVi7M0vYqCHc6MAMQKN8=,,113/08/27,有,61.57%,七層/七層,,8,126,1,1,1,25.076060895386618,121.69600952425256,有,,總價/總面積,,"220,988",N,bt_06.png,住家用,1,45,,47.51,RFifqe+Q2r6hliqpwd1FnUplVi7M0vYqCHc6MAMQKN8=,房地(土地+建物)+車位,C02,"10,500,000",1,Biz,2,2房2廳1衛
住,,七堵區崇廉街０２０巷０００３號#七堵區崇廉街２０巷３號,公寓(5樓含以下無電梯),,100.00%,C,,,113/08/20,無,,一層/四層,,52,127,2,1,0,25.099320256531968,121.71610864909255,無,,總價/總面積,,"355,623",N,bt_01.png,住家用,1,10,,23.68,y079unR8lXlnovt9giR8AEplVi7M0vYqCHc6MAMQKN8=,房地(土地+建物),C02,"8,420,000",1,Biz,2,2房1廳1衛
住,,七堵區東新街０８９巷００２９之１號#七堵區東新街８９巷２９之１號,公寓(5樓含以下無電梯),蘇州庭院NO2,84.07%,C,rgp/Mi5qXGPFQQ4RGGZEc0plVi7M0vYqCHc6MAMQKN8=,,113/08/31,無,,二層/五層,,37,128,2,1,0,25.09378736334155,121.72331359262225,無,,總價/總面積,鐵鋁窗增建其他增建;,"151,064",N,bt_01.png,住家用,1,36,,27.80,rgp/Mi5qXGPFQQ4RGGZEc0plVi7M0vYqCHc6MAMQKN8=,房地(土地+建物),C02,"4,200,000",1,Biz,2,3房2廳2衛
住,,七堵區福三街００３９之４號#七堵區福三街３９之４號,公寓(5樓含以下無電梯),,100.00%,C,,,113/08/18,無,,五層/五層,,44,129,1,1,0,25.08171353277137,121.6976771246369,無,,總價/總面積,頂樓加蓋;,"195,636",N,bt_01.png,住家用,1,37,,25.46,tCHvjb8BPcsCQc3a+q375UplVi7M0vYqCHc6MAMQKN8=,房地(土地+建物),C02,"4,980,000",1,Biz,2,3房2廳2衛
其他,,七堵區長安街２３１巷００１１號#七堵區長安街２３１巷１１號,透天厝,輕井澤,,C,hdeR/CqNcEXnctpsmgGxXkplVi7M0vYqCHc6MAMQKN8=,,113/08/29,有,,全/五層,,13,130,2,1,0,25.075383167922194,121.6961444674293,有,,總價/總面積,,,N,bt_02.png,住家用,1,55,,90.59,hdeR/CqNcEXnctpsmgGxXkplVi7M0vYqCHc6MAMQKN8=,房地(土地+建物),C02,"20,000,000",1,Biz,2,6房2廳4衛
住,,七堵區泰安路０００１之１２號２樓#七堵區泰安路１之１２號２樓,住宅大樓(11層含以上有電梯),,46.32%,C,,,113/08/18,有,,二層/十二層,,1,131,1,1,1,25.08883729279285,121.70704614858843,有,,總價/總面積,,"291,312",N,bt_05.png,住家用,1,50,,36.90,kDeE8zEUtfmr6mwf6ieHvEplVi7M0vYqCHc6MAMQKN8=,房地(土地+建物)+車位,C02,"10,750,000",1,Biz,2,2房1廳1衛
住,,七堵區泰安路０７５巷０００４號５樓#七堵區泰安路７５巷４號５樓,公寓(5樓含以下無電梯),,77.65%,C,,,113/08/18,無,,五層/五層,,26,132,1,1,0,25.087537133358083,121.71085534532305,無,,總價/總面積,鐵皮屋頂增建其他增建;,"163,266",N,bt_01.png,住家用,1,42,,29.40,fGbEk343PZ335scF/5dCQUplVi7M0vYqCHc6MAMQKN8=,房地(土地+建物),C02,"4,800,000",1,Biz,2,3房1廳2衛
住,,七堵區百二街０１３４號５樓#七堵區百二街１３４號５樓,公寓(5樓含以下無電梯),,87.75%,C,,,113/08/11,無,,五層/五層,,31,133,1,1,0,25.08173825539379,121.70009602910781,無,,總價/總面積,,"205,415",N,bt_01.png,住家用,1,29,,29.21,JKcpo0w8MqJ4u6rOMWHuaUplVi7M0vYqCHc6MAMQKN8=,房地(土地+建物),C02,"6,000,000",1,Biz,2,3房2廳2衛
住,,七堵區崇廉街００６９之７號#七堵區崇廉街６９之７號,公寓(5樓含以下無電梯),,100.00%,C,,,113/08/21,無,,四層/四層,,48,134,1,1,0,25.100018673023765,121.71542862092,無,,總價/總面積,陽台外推;頂樓加蓋;,"289,524",N,bt_01.png,住家用,1,11,,21.07,hqWw0RK8z1uE69w0F3nYgkplVi7M0vYqCHc6MAMQKN8=,房地(土地+建物),C02,"6,100,000",1,Biz,2,6房2廳3衛
住,,七堵區福一街０２０巷００２１之１號#七堵區福一街２０巷２１之１號,公寓(5樓含以下無電梯),,100.00%,C,,,113/08/04,無,,二層/四層,,44,135,1,1,0,25.08047670051274,121.69575693033113,無,,總價/總面積,其他增建;,"205,745",N,bt_01.png,住家用,1,38,,28.09,0pv7toeDiLWvu25EKFsYGUplVi7M0vYqCHc6MAMQKN8=,房地(土地+建物),C02,"5,780,000",1,Biz,2,3房2廳1衛
商,,七堵區工建路０１０８號#七堵區工建路１０８號,住宅大樓(11層含以上有電梯),金美滿,69.67%,C,lu09wUo7Xa3Pqv8CYwcS0EplVi7M0vYqCHc6MAMQKN8=,,113/08/06,有,,一層/十二層,,27,136,1,1,0,25.09062402272749,121.70150475679604,有,,總價/總面積,,"216,555",N,bt_05.png,住家用,1,33,,34.63,lu09wUo7Xa3Pqv8CYwcS0EplVi7M0vYqCHc6MAMQKN8=,房地(土地+建物),C02,"7,500,000",1,Biz,2,1房2廳22衛
住,,七堵區自治街０５２巷０００８號２樓#七堵區自治街５２巷８號２樓,公寓(5樓含以下無電梯),,91.70%,C,,,113/08/06,無,,二層/四層,,32,137,1,1,0,25.0950929217071,121.71284215196708,無,,總價/總面積,側邊、廚房後方。旁有空地為市府租約，一併移轉。其他增建;,"435,190",N,bt_01.png,住家用,1,12,,24.13,sr/5ZOoDJPvtgiHlpWP/+kplVi7M0vYqCHc6MAMQKN8=,房地(土地+建物),C02,"10,500,000",1,Biz,2,2房2廳1衛
住,,七堵區自治街０５２巷０００８號#七堵區自治街５２巷８號,公寓(5樓含以下無電梯),,91.70%,C,,,113/08/06,無,,一層/四層,,32,138,1,1,0,25.0950929217071,121.71284215196708,無,,總價/總面積,側邊、廚房後方增建其他增建;,"331,574",N,bt_01.png,住家用,1,12,,24.13,EESi+hVzb9vwLSvDi5iGJUplVi7M0vYqCHc6MAMQKN8=,房地(土地+建物),C02,"8,000,000",1,Biz,2,3房2廳1衛
商,,七堵區南興路０６３巷００８弄００１２之３號#七堵區南興路６３巷８弄１２之３號,公寓(5樓含以下無電梯),,100.00%,C,,,113/08/15,無,,四層/四層,,48,139,1,1,0,25.096874325743844,121.71411157502052,無,,總價/總面積,頂樓加蓋;,"281,550",N,bt_01.png,住家用,1,11,,26.64,ZlEA8ngYyyH4PCIJrPZemkplVi7M0vYqCHc6MAMQKN8=,房地(土地+建物),C02,"7,500,000",1,Biz,2,6房4廳2衛
住,,七堵區崇信街０４１巷００３７號底層#七堵區崇信街４１巷３７號底層,公寓(5樓含以下無電梯),,100.00%,C,,,113/08/01,無,,地下層/五層,,44,140,1,1,0,25.099164553491732,121.71094236464853,無,,總價/總面積,,"181,693",N,bt_01.png,住家用,1,37,,30.27,klMGiIesaUmF3rwMBrqZVUplVi7M0vYqCHc6MAMQKN8=,房地(土地+建物),C02,"5,500,000",1,Biz,2,
住,,七堵區福一街１１０巷００１８之１號#七堵區福一街１１０巷１８之１號,公寓(5樓含以下無電梯),,88.52%,C,,,113/08/03,無,,二層/四層,,44,141,4,1,0,25.082389804397675,121.69592635273253,無,,總價/總面積,陽台外推;,"205,712",N,bt_01.png,住家用,1,39,,45.21,/yul0ECgUnz2Ibz7OsXrp0plVi7M0vYqCHc6MAMQKN8=,房地(土地+建物),C02,"9,300,000",1,Biz,2,4房2廳2衛
商,,七堵區泰安路００４１號４樓#七堵區泰安路４１號４樓,公寓(5樓含以下無電梯),,88.06%,C,,,113/08/24,無,,四層/五層,,33,142,2,1,0,25.088116348654598,121.70866781507834,無,,總價/總面積,,"152,420",N,bt_01.png,住家用,1,18,,40.68,0y4hLP26Fulx5YUz7ll2sUplVi7M0vYqCHc6MAMQKN8=,房地(土地+建物),C02,"6,200,000",1,Biz,2,3房2廳2衛
住,,七堵區崇智街０２７巷００１４號#七堵區崇智街２７巷１４號,透天厝,,,C,,,113/08/28,無,,全/二層,,53,143,1,1,0,25.099706858725845,121.71269043376063,無,,總價/總面積,1樓後廚房及3樓其他增建;,,N,bt_02.png,住家用,1,9,,35.94,auR4f7KLBdiOcA8kaBmvuEplVi7M0vYqCHc6MAMQKN8=,房地(土地+建物),C02,"15,000,000",1,Biz,2,4房3廳4衛
住,,七堵區福一街１３４巷００１６之２號#七堵區福一街１３４巷１６之２號,公寓(5樓含以下無電梯),,89.46%,C,,,113/08/07,無,,三層/五層,,42,144,1,1,0,25.08295138724184,121.6955330052422,無,,總價/總面積,陽台外推;,"181,170",N,bt_01.png,住家用,1,17,,29.53,s+3KHAU54ozLDOUstt8aqkplVi7M0vYqCHc6MAMQKN8=,房地(土地+建物),C02,"5,350,000",1,Biz,2,3房2廳1衛
住,,七堵區東新街００８３之７號９樓#七堵區東新街８３之７號９樓,華廈(10層含以下有電梯),水世界,69.46%,C,oYjZPvLSoxe9BqHFq6Nz1kplVi7M0vYqCHc6MAMQKN8=,,113/08/30,有,,九層/十層,,26,145,2,1,0,25.09452597835291,121.72180109874597,有,,總價/總面積,,"219,779",N,bt_06.png,住家用,1,65,,28.48,oYjZPvLSoxe9BqHFq6Nz1kplVi7M0vYqCHc6MAMQKN8=,房地(土地+建物),C02,"6,260,000",1,Biz,2,3房2廳2衛
住,,七堵區泰安路００２巷０００３號２樓#七堵區泰安路２巷３號２樓,公寓(5樓含以下無電梯),,77.40%,C,,,113/07/09,無,,二層/三層,,27,146,3,1,0,25.089671329933807,121.70821083195831,無,,總價/總面積,近親買賣親友、員工、共有人或其他特殊關係間之交易;,"135,699",N,bt_01.png,住家用,1,21,,24.69,puk5NvpOUYoo+VRP1F9WOEplVi7M0vYqCHc6MAMQKN8=,房地(土地+建物),C02,"3,350,000",1,Biz,2,3房2廳1衛
住,,七堵區明德一路００２巷００３弄０００６之３號#七堵區明德一路２巷３弄６之３號,公寓(5樓含以下無電梯),龍冠天下,100.00%,C,qT6KO5QNNv+ws57QnjjmN0plVi7M0vYqCHc6MAMQKN8=,,113/07/19,無,,四層/四層,,47,147,1,1,0,25.099836662896845,121.71759881635188,無,,總價/總面積,,"133,511",N,bt_01.png,住家用,1,11,,24.72,qT6KO5QNNv+ws57QnjjmN0plVi7M0vYqCHc6MAMQKN8=,房地(土地+建物),C02,"3,300,000",1,Biz,2,3房2廳1衛
,丙種建築用地,七堵區綠葉街１０７巷００５８號#七堵區綠葉街１０７巷５８號,透天厝,,,C,,,113/07/28,無,,全/四層,,25,148,1,1,1,25.089310508235368,121.66523332100108,有,,總價/總面積,陽台外推;頂樓加蓋;其他增建;,,N,bt_02.png,住家用,1,119,,62.46,P216B7BXHbcwS7x6rQo/ikplVi7M0vYqCHc6MAMQKN8=,房地(土地+建物)+車位,C02,"14,300,000",1,Biz,2,4房3廳3衛
住,,七堵區百二街００４３之７號#七堵區百二街４３之７號,公寓(5樓含以下無電梯),,96.76%,C,,,113/07/26,無,,三層/五層,,40,149,1,1,0,25.08090905236805,121.69596754516729,無,,總價/總面積,後陽台外推，天井增建其他增建;,"219,124",N,bt_01.png,住家用,1,15,,20.08,PYNsqdatlPUU1VHLSYG4PUplVi7M0vYqCHc6MAMQKN8=,房地(土地+建物),C02,"4,400,000",1,Biz,2,3房2廳1衛
住,,七堵區大德路０１４６號６樓#七堵區大德路１４６號６樓,華廈(10層含以下有電梯),樂透台北,51.80%,C,pQQgecKaQJdsM8vSAf7X8EplVi7M0vYqCHc6MAMQKN8=,,113/07/29,有,68.61%,六層/九層,,24,150,1,1,1,25.084068369121326,121.69219858166208,有,,總價/總面積,,"190,155",N,bt_06.png,住家用,1,42,,44.17,pQQgecKaQJdsM8vSAf7X8EplVi7M0vYqCHc6MAMQKN8=,房地(土地+建物)+車位,C02,"8,400,000",1,Biz,2,3房2廳2衛
住,,七堵區工東街００２４號４樓#七堵區工東街２４號４樓,住宅大樓(11層含以上有電梯),大地遊龍,75.43%,C,LzmGfiqxVfjEgCRsV3W0VUplVi7M0vYqCHc6MAMQKN8=,,113/07/07,有,,四層/十四層,,29,151,1,1,0,25.087975281955693,121.70416629145265,有,,總價/總面積,,"299,379",N,bt_05.png,住家用,1,66,,12.69,LzmGfiqxVfjEgCRsV3W0VUplVi7M0vYqCHc6MAMQKN8=,房地(土地+建物),C02,"3,800,000",1,Biz,2,1房1廳1衛
商,,七堵區工建路００７０號１１樓之２#七堵區工建路７０號１１樓之２,住宅大樓(11層含以上有電梯),六堵首席,47.03%,C,/zD7uVoK7QaK4JqxZSyPvkplVi7M0vYqCHc6MAMQKN8=,,113/07/12,有,60.94%,十一層/十五層,,11,152,1,1,1,25.08977406497246,121.7017874055121,有,,總價/總面積,,"263,980",N,bt_05.png,住家用,1,28,,48.11,/zD7uVoK7QaK4JqxZSyPvkplVi7M0vYqCHc6MAMQKN8=,房地(土地+建物)+車位,C02,"12,700,000",1,Biz,2,2房2廳1衛
住,,七堵區崇信街０４１巷００２２之６號#七堵區崇信街４１巷２２之６號,公寓(5樓含以下無電梯),,76.35%,C,,,113/07/31,無,,三層/四層,,49,153,1,1,0,25.09927900605592,121.71154780253568,無,,總價/總面積,,"134,549",N,bt_01.png,住家用,1,14,,19.32,Uw8yJMaPyo8ZtYOk5IQKzUplVi7M0vYqCHc6MAMQKN8=,房地(土地+建物),C02,"2,600,000",1,Biz,2,2房2廳1衛
住,,七堵區崇智街０３５巷００１０之１８號#七堵區崇智街３５巷１０之１８號,公寓(5樓含以下無電梯),,85.12%,C,,,113/07/19,無,,三層/四層,,49,154,1,1,0,25.09982332080216,121.71287948238864,無,,總價/總面積,,"335,276",N,bt_01.png,住家用,1,11,,21.71,qAwhoWyzkhEtWQgtY6PSZ0plVi7M0vYqCHc6MAMQKN8=,房地(土地+建物),C02,"7,280,000",1,Biz,2,2房2廳1衛
商,,七堵區南興路０６３巷００８弄０００１之３號#七堵區南興路６３巷８弄１之３號,公寓(5樓含以下無電梯),,100.00%,C,,,113/07/18,無,,四層/四層,,49,155,1,1,0,25.096559687942843,121.71383215234033,無,,總價/總面積,頂樓加蓋;,"346,165",N,bt_01.png,住家用,1,13,,25.28,uBwuS+coxvgkMUIvubSiekplVi7M0vYqCHc6MAMQKN8=,房地(土地+建物),C02,"8,750,000",1,Biz,2,4房2廳2衛
商,,七堵區百五街００５３號２樓#七堵區百五街５３號２樓,華廈(10層含以下有電梯),星鑽,54.86%,C,o5dHIUxBAQW4iTHWQ1exK0plVi7M0vYqCHc6MAMQKN8=,,113/07/19,有,,二層/七層,,33,156,1,1,1,25.08403837286841,121.6966791612395,有,,總價/總面積,,"193,987",N,bt_06.png,住家用,1,25,,72.17,o5dHIUxBAQW4iTHWQ1exK0plVi7M0vYqCHc6MAMQKN8=,房地(土地+建物)+車位,C02,"14,000,000",1,Biz,2,3房2廳2衛
住,,七堵區百一街０１１９之２號#七堵區百一街１１９之２號,公寓(5樓含以下無電梯),,100.00%,C,,,113/07/30,無,,三層/四層,,45,157,1,1,0,25.08036161583838,121.69719364468264,無,,總價/總面積,親友、員工、共有人或其他特殊關係間之交易;,"143,980",N,bt_01.png,住家用,1,30,,27.78,9oB+sgqlZuHwD0JXPjtHL0plVi7M0vYqCHc6MAMQKN8=,房地(土地+建物),C02,"4,000,000",1,Biz,2,4房2廳1衛
住,,七堵區百三街０１３２之１號#七堵區百三街１３２之１號,公寓(5樓含以下無電梯),,100.00%,C,,,113/07/23,無,,二層/四層,,45,158,1,1,0,25.081574658233812,121.6984098962538,無,,總價/總面積,,"202,569",N,bt_01.png,住家用,1,39,,28.14,GJUSDOQYijVC5o0MWqwtVUplVi7M0vYqCHc6MAMQKN8=,房地(土地+建物),C02,"5,700,000",1,Biz,2,3房1廳2衛
住,,七堵區工東街００５８號３樓#七堵區工東街５８號３樓,華廈(10層含以下有電梯),,73.70%,C,,,113/07/13,有,,三層/七層,,29,159,1,1,0,25.088402402440863,121.70357392579031,有,,總價/總面積,,"179,775",N,bt_06.png,住家用,1,21,,28.93,52RIAh2QhPAoihUUvavWb0plVi7M0vYqCHc6MAMQKN8=,房地(土地+建物),C02,"5,200,000",1,Biz,2,2房2廳1衛
商,,七堵區東新街００６巷０００２之４號#七堵區東新街６巷２之４號,公寓(5樓含以下無電梯),,88.86%,C,,,113/07/10,無,,五層/五層,,42,160,3,1,0,25.092446466035092,121.71498802766254,無,,總價/總面積,,"136,506",N,bt_01.png,住家用,1,37,,35.75,VpG5J0UiEHsT4SwD9W3vFEplVi7M0vYqCHc6MAMQKN8=,房地(土地+建物),C02,"4,880,000",1,Biz,2,3房2廳1衛
住,,七堵區明德二路００１５之２３號１２樓之５#七堵區明德二路１５之２３號１２樓之５,住宅大樓(11層含以上有電梯),幸福人生,70.35%,C,Mc71REdbuUEThuQjZgMxKUplVi7M0vYqCHc6MAMQKN8=,,113/07/30,有,,十二層/十二層,,29,161,1,1,0,25.08876132510615,121.7059353973718,有,,總價/總面積,,"347,319",N,bt_05.png,住家用,1,112,,14.40,Mc71REdbuUEThuQjZgMxKUplVi7M0vYqCHc6MAMQKN8=,房地(土地+建物),C02,"5,000,000",1,Biz,2,1房1廳1衛
住,,七堵區福二街１５４巷００１５之２號#七堵區福二街１５４巷１５之２號,公寓(5樓含以下無電梯),,100.00%,C,,,113/07/25,無,,三層/五層,,43,162,1,1,0,25.082727327760626,121.6971079142924,無,,總價/總面積,,"216,949",N,bt_01.png,住家用,1,18,,28.12,P+31cImWfQWhjPvK+nXXA0plVi7M0vYqCHc6MAMQKN8=,房地(土地+建物),C02,"6,100,000",1,Biz,2,3房2廳1衛
住,,七堵區福一街０１３５號４樓#七堵區福一街１３５號４樓,華廈(10層含以下有電梯),寶吉第品,54.63%,C,0VnqVoHU/UpzRi7YxOu86EplVi7M0vYqCHc6MAMQKN8=,,113/07/20,有,,四層/八層,,9,163,1,1,0,25.08413846072267,121.69458804970559,有,,總價/總面積,其他增建;,"351,620",N,bt_06.png,住家用,1,23,,35.83,0VnqVoHU/UpzRi7YxOu86EplVi7M0vYqCHc6MAMQKN8=,房地(土地+建物),C02,"12,600,000",1,Biz,2,3房2廳2衛
住,,七堵區泰安路０００１之９號７樓#七堵區泰安路１之９號７樓,住宅大樓(11層含以上有電梯),,46.32%,C,,,113/07/20,有,61.15%,七層/十二層,,1,164,1,1,1,25.08883729279285,121.70704614858843,有,,總價/總面積,,"277,762",N,bt_05.png,住家用,1,50,,36.90,5f1NPXWS20PH3K7lIQdTKkplVi7M0vYqCHc6MAMQKN8=,房地(土地+建物)+車位,C02,"10,250,000",1,Biz,2,2房2廳1衛
住,,七堵區百一街００９９之１號#七堵區百一街９９之１號,公寓(5樓含以下無電梯),,100.00%,C,,,113/07/22,無,,二層/四層,,47,165,2,1,0,25.08019270005157,121.6966375685372,無,,總價/總面積,親友、員工、共有人或其他特殊關係間之交易;,"251,861",N,bt_01.png,住家用,1,11,,21.84,cbFBddnkuclxIoTLzWIH8UplVi7M0vYqCHc6MAMQKN8=,房地(土地+建物),C02,"5,500,000",1,Biz,2,3房2廳1衛
,丙種建築用地,七堵區綠葉街１０７巷００４２號#七堵區綠葉街１０７巷４２號,透天厝,,,C,,,113/07/12,無,,全/四層,,25,166,2,1,1,25.089310508235368,121.66523332100108,有,,總價/總面積,一樓側邊、後方有增建。建物權狀僅載明地下層停車場，未載明個數；實際使用停二部車。其他增建;,,N,bt_02.png,住家用,1,145,,68.83,csCsQ9yW2giPj/r65WLv3kplVi7M0vYqCHc6MAMQKN8=,房地(土地+建物)+車位,C02,"13,300,000",1,Biz,2,4房3廳3衛
住,,七堵區崇廉街００３２號５樓#七堵區崇廉街３２號５樓,公寓(5樓含以下無電梯),,76.52%,C,,,113/07/14,無,,五層/五層,,33,167,1,1,0,25.09960125092092,121.71587234000562,無,,總價/總面積,頂樓加蓋;,"178,783",N,bt_01.png,住家用,1,14,,44.47,qAVAd7Ug0qzhVkywRtWpAEplVi7M0vYqCHc6MAMQKN8=,房地(土地+建物),C02,"7,950,000",1,Biz,2,3房2廳2衛
,乙種建築用地,七堵區長安街２３１巷０１３４號#七堵區長安街２３１巷１３４號,公寓(5樓含以下無電梯),,85.37%,C,,,113/07/31,無,,一層/三層,,43,168,1,1,0,25.075363523117854,121.6984043966359,無,,總價/總面積,,"134,641",N,bt_01.png,住家用,1,15,,29.71,HC0A5Z4lyd4cIra5R2Nw/EplVi7M0vYqCHc6MAMQKN8=,房地(土地+建物),C02,"4,000,000",1,Biz,2,3房2廳2衛
住,,七堵區大華一路０１２９之７號３樓#七堵區大華一路１２９之７號３樓,華廈(10層含以下有電梯),美河新都,58.51%,C,mqOOcr6s8ZXxlu531uwvVkplVi7M0vYqCHc6MAMQKN8=,,113/07/15,有,66.11%,三層/七層,,12,169,1,1,1,25.1005101345612,121.7108509985436,有,,總價/總面積,,"286,949",N,bt_06.png,住家用,1,72,,69.70,mqOOcr6s8ZXxlu531uwvVkplVi7M0vYqCHc6MAMQKN8=,房地(土地+建物)+車位,C02,"20,000,000",1,Biz,2,4房2廳2衛
住,,七堵區崇信街０４１巷００２５號#七堵區崇信街４１巷２５號,公寓(5樓含以下無電梯),,87.13%,C,,,113/07/17,無,,一層/五層,,30,170,1,1,0,25.09930723204851,121.71131002102403,無,,總價/總面積,後方廚房增建外推其他增建;,"356,420",N,bt_01.png,住家用,1,10,,17.96,tZhVARm/M8ULr7LSxvo3/kplVi7M0vYqCHc6MAMQKN8=,房地(土地+建物),C02,"6,400,000",1,Biz,2,3房2廳2衛
,乙種建築用地,七堵區長安街２４７巷００２７號#七堵區長安街２４７巷２７號,透天厝,,,C,,,113/07/17,無,,全/二層,,42,171,1,1,0,25.073661599841596,121.69748280954391,無,,總價/總面積,陽台外推;,,N,bt_02.png,住家用,1,11,,33.94,ZzkBx75LjBwSftxBs9GCqUplVi7M0vYqCHc6MAMQKN8=,房地(土地+建物),C02,"11,800,000",1,Biz,2,4房3廳3衛
住,,七堵區福一街０８７巷００２８之２號#七堵區福一街８７巷２８之２號,公寓(5樓含以下無電梯),,84.55%,C,,,113/07/06,無,,三層/四層,,45,172,1,1,0,25.083072129931356,121.69481003265618,無,,總價/總面積,親友、員工、共有人或其他特殊關係間之交易;,"201,795",N,bt_01.png,住家用,1,39,,27.26,xpI0y8dbtiPl9d7MtRTQO0plVi7M0vYqCHc6MAMQKN8=,房地(土地+建物),C02,"5,500,000",1,Biz,2,3房2廳1衛
住,,七堵區八德路００６８號４樓#七堵區八德路６８號４樓,公寓(5樓含以下無電梯),,86.87%,C,,,113/07/14,無,,四層/四層,,29,173,1,1,0,25.112857398342598,121.72816535760109,無,,總價/總面積,,"130,962",N,bt_01.png,住家用,1,15,,43.14,DBy9VMn17gnlivHc730MAkplVi7M0vYqCHc6MAMQKN8=,房地(土地+建物),C02,"5,650,000",1,Biz,2,3房2廳1衛
住,,七堵區泰安路０００１之１８號４樓#七堵區泰安路１之１８號４樓,華廈(10層含以下有電梯),,46.73%,C,,,113/07/27,有,,四層/六層,,1,174,1,1,1,25.08883729279285,121.70704614858843,有,,總價/總面積,親友、員工、共有人或其他特殊關係間之交易;,"170,102",N,bt_06.png,住家用,1,50,,17.87,8CmqfC/TLZkyj9xdlm1PQkplVi7M0vYqCHc6MAMQKN8=,房地(土地+建物)+車位,C02,"3,040,000",1,Biz,2,2房1廳1衛
住,,七堵區東新街０３７巷００２７號３樓#七堵區東新街３７巷２７號３樓,公寓(5樓含以下無電梯),,87.07%,C,,,113/07/04,無,,三層/五層,,29,175,1,1,0,25.09594482712167,121.71963824015683,無,,總價/總面積,,"239,656",N,bt_01.png,住家用,1,20,,37.05,lkD4CoRJBJhA5SzpnrBbKkplVi7M0vYqCHc6MAMQKN8=,房地(土地+建物),C02,"8,880,000",1,Biz,2,3房2廳2衛
住,,七堵區百二街０７５巷００３１之３號#七堵區百二街７５巷３１之３號,公寓(5樓含以下無電梯),,100.00%,C,,,113/07/02,無,,四層/五層,,43,176,2,1,0,25.081139292234177,121.69692048765256,無,,總價/總面積,,"152,251",N,bt_01.png,住家用,1,47,,26.27,ezcTi/9HxZuATcMrXmjgNEplVi7M0vYqCHc6MAMQKN8=,房地(土地+建物),C02,"4,000,000",1,Biz,2,3房1廳1衛
住,,七堵區福一街０１５０之３號#七堵區福一街１５０之３號,公寓(5樓含以下無電梯),寶吉第品,100.00%,C,SIL9ID7sbhPXcubPmcWI5UplVi7M0vYqCHc6MAMQKN8=,,113/07/05,無,,四層/四層,,44,177,1,1,0,25.084199973025715,121.69494527107608,無,,總價/總面積,,"235,808",N,bt_01.png,住家用,1,19,,22.48,SIL9ID7sbhPXcubPmcWI5UplVi7M0vYqCHc6MAMQKN8=,房地(土地+建物),C02,"5,300,000",1,Biz,2,2房1廳1衛
住,,七堵區福六街０１１９號#七堵區福六街１１９號,華廈(10層含以下有電梯),麗景,70.35%,C,qwW0XPNeiclPUDbDIxuIp0plVi7M0vYqCHc6MAMQKN8=,,113/07/22,有,,一層/七層,,16,178,1,1,0,25.08487573642136,121.69907298809792,有,,總價/總面積,親友、員工、共有人或其他特殊關係間之交易;,"315,312",N,bt_06.png,住家用,1,41,,38.06,qwW0XPNeiclPUDbDIxuIp0plVi7M0vYqCHc6MAMQKN8=,房地(土地+建物),C02,"12,000,000",1,Biz,2,3房1廳2衛
住,,七堵區工東街００２６號３樓之１#七堵區工東街２６號３樓之１,住宅大樓(11層含以上有電梯),大地遊龍,60.11%,C,TZ+MDQgPuuUgslujZxFEVEplVi7M0vYqCHc6MAMQKN8=,,113/07/23,有,76.39%,三層/十四層,,29,179,1,1,1,25.087975281955693,121.70416629145265,有,,總價/總面積,,"215,336",Y,bt_05.png,住家用,1,66,,51.08,TZ+MDQgPuuUgslujZxFEVEplVi7M0vYqCHc6MAMQKN8=,房地(土地+建物)+車位,C02,"11,000,000",1,Biz,2,4房2廳1衛
住,,七堵區明德二路００１５之１１號７樓之５#七堵區明德二路１５之１１號７樓之５,住宅大樓(11層含以上有電梯),幸福人生,70.45%,C,c/zk5gwfm4NveoikQAYJrUplVi7M0vYqCHc6MAMQKN8=,,113/07/20,有,,七層/十二層,,29,180,1,1,0,25.08876132510615,121.7059353973718,有,,總價/總面積,總價含冷氣冰箱洗衣機水槽各一台,"305,395",N,bt_05.png,住家用,1,112,,14.37,c/zk5gwfm4NveoikQAYJrUplVi7M0vYqCHc6MAMQKN8=,房地(土地+建物),C02,"4,390,000",1,Biz,2,1房1廳1衛
商,,七堵區福二街２４２巷００１８號５樓#七堵區福二街２４２巷１８號５樓,公寓(5樓含以下無電梯),,82.35%,C,,,113/07/13,無,,五層/五層,,34,181,1,1,0,25.084499809267868,121.6964636830588,無,,總價/總面積,頂樓加蓋;,"209,098",N,bt_01.png,住家用,1,53,,34.43,GdCAf8QFJ6ekeR7/asIuOUplVi7M0vYqCHc6MAMQKN8=,房地(土地+建物),C02,"7,200,000",1,Biz,2,3房2廳2衛
住,,七堵區東新街００４巷００４４之１號#七堵區東新街４巷４４之１號,公寓(5樓含以下無電梯),,100.00%,C,,,113/07/05,無,,二層/四層,,47,182,1,1,0,25.09221308395487,121.71470908518195,無,,總價/總面積,親友、員工、共有人或其他特殊關係間之交易;,"117,878",N,bt_01.png,住家用,1,11,,21.21,JreEkw1Lzt93GIxWmDjk8UplVi7M0vYqCHc6MAMQKN8=,房地(土地+建物),C02,"2,500,000",1,Biz,2,2房2廳1衛
住,,七堵區東新街００４巷００８８之３號#七堵區東新街４巷８８之３號,公寓(5樓含以下無電梯),,87.91%,C,,,113/07/29,無,,四層/五層,,42,183,1,1,0,25.09165151421177,121.7150924589206,無,,總價/總面積,,"133,540",N,bt_01.png,住家用,1,17,,29.95,zhoVNczqBCGzoyYbc5p5b0plVi7M0vYqCHc6MAMQKN8=,房地(土地+建物),C02,"4,000,000",1,Biz,2,3房2廳1衛
住,,七堵區東新街０７３巷０６４弄０００７號４樓#七堵區東新街７３巷６４弄７號４樓,公寓(5樓含以下無電梯),,86.22%,C,,,113/07/20,無,,四層/五層,,32,184,1,1,0,25.095825117533398,121.72012332946726,無,,總價/總面積,陽台外推;,"287,993",N,bt_01.png,住家用,1,13,,17.12,DjM2DZtHI1eUKEPDhejhUkplVi7M0vYqCHc6MAMQKN8=,房地(土地+建物),C02,"4,930,000",1,Biz,2,2房2廳1衛
住,,七堵區明德二路００１５之３０號１１樓#七堵區明德二路１５之３０號１１樓,住宅大樓(11層含以上有電梯),幸福人生,72.02%,C,ZzvqDYamnp9vI6IR/Iaal0plVi7M0vYqCHc6MAMQKN8=,,113/07/22,有,,十一層/十二層,,29,185,1,1,0,25.08876132510615,121.7059353973718,有,,總價/總面積,,"268,228",N,bt_05.png,住家用,1,112,,38.03,ZzvqDYamnp9vI6IR/Iaal0plVi7M0vYqCHc6MAMQKN8=,房地(土地+建物),C02,"10,200,000",1,Biz,2,4房2廳2衛
住,,七堵區福一街０５６巷０００４之３號#七堵區福一街５６巷４之３號,公寓(5樓含以下無電梯),,100.00%,C,,,113/07/14,無,,四層/四層,,46,186,1,1,0,25.081371277607353,121.69558355389209,無,,總價/總面積,陽台外推;頂樓加蓋;,"255,339",N,bt_01.png,住家用,1,32,,17.62,ML2WUNw1WG8y/AS6JBKibEplVi7M0vYqCHc6MAMQKN8=,房地(土地+建物),C02,"4,500,000",1,Biz,2,2房2廳1衛
住,,七堵區永富路０２１２號６樓#七堵區永富路２１２號６樓,華廈(10層含以下有電梯),首盛永富,64.68%,C,ZuOdNa2w8eTcOgl0TgbJVEplVi7M0vYqCHc6MAMQKN8=,,113/07/31,有,,六層/七層,,19,187,1,1,0,25.098414650043395,121.71106691569152,有,,總價/總面積,,"357,445",N,bt_06.png,住家用,1,34,,30.75,ZuOdNa2w8eTcOgl0TgbJVEplVi7M0vYqCHc6MAMQKN8=,房地(土地+建物),C02,"10,990,000",1,Biz,2,3房2廳1衛
住,,七堵區福六街００５５號１１樓#七堵區福六街５５號１１樓,住宅大樓(11層含以上有電梯),福邦麗園,50.30%,C,22uK2tH97GJKrWeQzoUIIkplVi7M0vYqCHc6MAMQKN8=,,113/07/29,有,,十一層/十一層,,12,188,1,1,1,25.083528104468606,121.69960064136613,有,,總價/總面積,,"282,592",N,bt_05.png,住家用,1,41,,56.62,22uK2tH97GJKrWeQzoUIIkplVi7M0vYqCHc6MAMQKN8=,房地(土地+建物)+車位,C02,"16,000,000",1,Biz,2,3房2廳2衛
商,,七堵區明德一路００２２之４號#七堵區明德一路２２之４號,公寓(5樓含以下無電梯),,93.67%,C,,,113/06/24,無,,五層/五層,,39,189,1,1,0,25.099654769679333,121.71787535784999,無,,總價/總面積,陽台外推;頂樓加蓋;,"204,169",N,bt_01.png,住家用,1,31,,34.29,Im0bSdVSyUbfn3KdH/e8XUplVi7M0vYqCHc6MAMQKN8=,房地(土地+建物),C02,"7,000,000",1,Biz,2,4房4廳2衛
住,,七堵區福二街００６４之３號#七堵區福二街６４之３號,公寓(5樓含以下無電梯),,91.87%,C,,,113/06/06,無,,四層/五層,,42,190,1,1,0,25.081195230362667,121.69654411311491,無,,總價/總面積,瑕疵物件;,"167,147",N,bt_01.png,住家用,1,14,,21.54,mJY5Jf+My/kLYij1f5HCI0plVi7M0vYqCHc6MAMQKN8=,房地(土地+建物),C02,"3,600,000",1,Biz,2,2房2廳1衛
住,,七堵區八德路００１９之３８號#七堵區八德路１９之３８號,透天厝,,,C,,,113/06/13,無,,全/二層,,43,191,1,1,0,25.11198932321783,121.72661341756273,無,,總價/總面積,本次移轉1/2產權親友、員工、共有人或其他特殊關係間之交易;,,N,bt_02.png,住家用,1,26,,13.16,9BwzB6XH3stPw1Aqsvc+D0plVi7M0vYqCHc6MAMQKN8=,房地(土地+建物),C02,"3,350,000",1,Biz,2,4房2廳2衛
,丙種建築用地,七堵區綠葉街０３２２號#七堵區綠葉街３２２號,透天厝,,,C,,,113/06/14,無,,全/四層,,16,192,1,1,0,25.091990487456453,121.66552539879932,有,,總價/總面積,毛胚屋;,,N,bt_02.png,住家用,1,161,,77.60,J6MDJ71aeEu7FH8A/xja7EplVi7M0vYqCHc6MAMQKN8=,房地(土地+建物),C02,"10,800,000",1,Biz,2,
住,,七堵區百一街０１６９之１號#七堵區百一街１６９之１號,公寓(5樓含以下無電梯),,100.00%,C,,,113/06/18,無,,二層/五層,,44,193,1,1,0,25.080815082504802,121.69867323455856,無,,總價/總面積,,"186,982",N,bt_01.png,住家用,1,32,,26.21,fXgva7y/wxIiKvg8Vn85DEplVi7M0vYqCHc6MAMQKN8=,房地(土地+建物),C02,"4,900,000",1,Biz,2,3房2廳1衛
住,,七堵區堵南街００１２之５號７樓#七堵區堵南街１２之５號７樓,華廈(10層含以下有電梯),芳丹詩郡,70.32%,C,06Iepg7OT3khoVbp0tl5HEplVi7M0vYqCHc6MAMQKN8=,,113/06/11,有,,七層/十層,,30,194,2,1,0,25.083341812258517,121.68925030203873,有,,總價/總面積,,"197,693",N,bt_06.png,住家用,1,48,,22.91,06Iepg7OT3khoVbp0tl5HEplVi7M0vYqCHc6MAMQKN8=,房地(土地+建物),C02,"4,530,000",1,Biz,2,1房1廳1衛
住,,七堵區泰和街００７５號３樓#七堵區泰和街７５號３樓,公寓(5樓含以下無電梯),,82.60%,C,,,113/06/30,無,,三層/四層,,31,195,1,1,0,25.086198110096767,121.7114622355736,無,,總價/總面積,陽台外推;,"206,972",N,bt_01.png,住家用,1,41,,25.99,Tg+B0x5Ces5TFuOc/46O+kplVi7M0vYqCHc6MAMQKN8=,房地(土地+建物),C02,"5,380,000",1,Biz,2,3房2廳2衛
住,,七堵區明德二路００１５之３９號１０樓#七堵區明德二路１５之３９號１０樓,住宅大樓(11層含以上有電梯),幸福人生,73.71%,C,pW2GQ5e5M//iGZNA4cJIJ0plVi7M0vYqCHc6MAMQKN8=,,113/06/19,有,,十層/十二層,,29,196,1,1,0,25.08876132510615,121.7059353973718,有,,總價/總面積,,"264,185",N,bt_05.png,住家用,1,112,,27.44,pW2GQ5e5M//iGZNA4cJIJ0plVi7M0vYqCHc6MAMQKN8=,房地(土地+建物),C02,"7,250,000",1,Biz,2,3房2廳2衛
商,,七堵區南興路０１００號２樓#七堵區南興路１００號２樓,公寓(5樓含以下無電梯),,97.59%,C,,,113/06/11,無,,二層/五層,,35,197,1,1,0,25.096567312564986,121.712245933526,無,,總價/總面積,,"245,907",N,bt_01.png,住家用,1,11,,15.05,5siAcRyognH3lpIO/tQY2kplVi7M0vYqCHc6MAMQKN8=,房地(土地+建物),C02,"3,700,000",1,Biz,2,2房1廳1衛
住,,七堵區百五街０６４巷００３７之２號#七堵區百五街６４巷３７之２號,公寓(5樓含以下無電梯),,100.00%,C,,,113/06/23,無,,三層/四層,,46,198,1,1,0,25.083196614081906,121.69714031156334,無,,總價/總面積,,"268,483",N,bt_01.png,住家用,1,30,,23.09,rx74XOD0a0RNSjn1cJmBJ0plVi7M0vYqCHc6MAMQKN8=,房地(土地+建物),C02,"6,200,000",1,Biz,2,3房2廳2衛
住,,七堵區福二街００２７號４樓#七堵區福二街２７號４樓,公寓(5樓含以下無電梯),,86.32%,C,,,113/06/13,無,,四層/五層,,34,199,1,1,0,25.080285726991356,121.69605323656587,無,,總價/總面積,陽台外推;,"259,028",N,bt_01.png,住家用,1,32,,27.60,YGHgzFzjanYIprr6ZpiKgEplVi7M0vYqCHc6MAMQKN8=,房地(土地+建物),C02,"7,150,000",1,Biz,2,3房2廳1衛
住,,七堵區崇智街０２７巷００１５號#七堵區崇智街２７巷１５號,公寓(5樓含以下無電梯),,100.00%,C,,,113/06/19,無,,一層/二層,,53,200,1,1,0,25.09952578453458,121.71279844266249,無,,總價/總面積,廚房增建,"371,256",N,bt_01.png,住家用,1,9,,18.85,eawIIFFyMxEdt0cOo7pBekplVi7M0vYqCHc6MAMQKN8=,房地(土地+建物),C02,"7,000,000",1,Biz,2,2房2廳1衛
住,,七堵區崇禮街１２９巷００１１之１號#七堵區崇禮街１２９巷１１之１號,公寓(5樓含以下無電梯),,100.00%,C,,,113/06/24,無,,二層/四層,,51,201,1,1,0,25.099537212250297,121.71417660812764,無,,總價/總面積,,"258,704",N,bt_01.png,住家用,1,11,,21.26,os+BJGzzg9LnDDQdpqGEskplVi7M0vYqCHc6MAMQKN8=,房地(土地+建物),C02,"5,500,000",1,Biz,2,3房1廳1衛
住,,七堵區福一街０８７巷００３１之２號#七堵區福一街８７巷３１之２號,公寓(5樓含以下無電梯),,100.00%,C,,,113/06/14,無,,三層/四層,,43,202,1,1,0,25.08280259547677,121.6945309453889,無,,總價/總面積,陽台外推;,"256,641",N,bt_01.png,住家用,1,58,,24.55,8HfKiTogpCOfu47CqRHxv0plVi7M0vYqCHc6MAMQKN8=,房地(土地+建物),C02,"6,300,000",1,Biz,2,3房2廳2衛
住,,七堵區福六街００４５號６樓#七堵區福六街４５號６樓,住宅大樓(11層含以上有電梯),吉璞御沐,46.32%,C,WQTtH+8n5q1DRpQaze4Js0plVi7M0vYqCHc6MAMQKN8=,,113/06/20,有,54.89%,"六層,七層/十二層",,3,203,2,1,1,25.08306685078579,121.6997764548256,有,,總價/總面積,,"308,324",N,bt_05.png,住家用,1,29,,49.79,WQTtH+8n5q1DRpQaze4Js0plVi7M0vYqCHc6MAMQKN8=,房地(土地+建物)+車位,C02,"15,350,000",1,Biz,2,3房2廳2衛
住,,七堵區明德二路００１５之５１號１１樓之９#七堵區明德二路１５之５１號１１樓之９,住宅大樓(11層含以上有電梯),幸福人生,69.31%,C,fXU+A+kI3UiAE0eWQsUenEplVi7M0vYqCHc6MAMQKN8=,,113/06/29,有,,十一層/十二層,,29,204,1,1,0,25.08876132510615,121.7059353973718,有,,總價/總面積,陽台外推;,"281,273",N,bt_05.png,住家用,1,112,,21.15,fXU+A+kI3UiAE0eWQsUenEplVi7M0vYqCHc6MAMQKN8=,房地(土地+建物),C02,"5,950,000",1,Biz,2,2房1廳1衛
住,,七堵區大華一路０１２９之１０號４樓#七堵區大華一路１２９之１０號４樓,華廈(10層含以下有電梯),美河新都,55.36%,C,mfdHPMxoubl0wyv4I2iLI0plVi7M0vYqCHc6MAMQKN8=,,113/06/05,有,,四層/七層,,12,205,1,1,1,25.1005101345612,121.7108509985436,有,,總價/總面積,,"303,560",N,bt_06.png,住家用,1,72,,49.74,mfdHPMxoubl0wyv4I2iLI0plVi7M0vYqCHc6MAMQKN8=,房地(土地+建物)+車位,C02,"15,100,000",1,Biz,2,3房2廳2衛
住,,七堵區堵南街００１２之１１號３樓#七堵區堵南街１２之１１號３樓,華廈(10層含以下有電梯),芳丹詩郡,76.24%,C,RRndob8A6+U3v0Kz51m3MUplVi7M0vYqCHc6MAMQKN8=,,113/06/09,有,,三層/十層,,30,206,2,1,0,25.083341812258517,121.68925030203873,有,,總價/總面積,,"226,017",N,bt_06.png,住家用,1,48,,13.49,RRndob8A6+U3v0Kz51m3MUplVi7M0vYqCHc6MAMQKN8=,房地(土地+建物),C02,"3,050,000",1,Biz,2,1房1廳1衛
住,,七堵區東新街０３７巷０００７之２號#七堵區東新街３７巷７之２號,公寓(5樓含以下無電梯),,100.00%,C,,,113/06/03,無,,三層/四層,,46,207,1,1,0,25.095768026508544,121.71886390825614,無,,總價/總面積,親友、員工、共有人或其他特殊關係間之交易;,"199,084",N,bt_01.png,住家用,1,12,,20.09,ziFq3d/y+TlX0StMjIH/t0plVi7M0vYqCHc6MAMQKN8=,房地(土地+建物),C02,"4,000,000",1,Biz,2,3房2廳1衛
住,,七堵區福一街０８７巷００１６之２號#七堵區福一街８７巷１６之２號,公寓(5樓含以下無電梯),,84.32%,C,,,113/06/20,無,,三層/四層,,45,208,1,1,0,25.082475797090456,121.6949157096142,無,,總價/總面積,,"184,374",N,bt_01.png,住家用,1,45,,31.62,rEmPnnfGwYx7kveqTWGRi0plVi7M0vYqCHc6MAMQKN8=,房地(土地+建物),C02,"5,830,000",1,Biz,2,3房2廳1衛
住,,七堵區明德二路００１５之４２號１２樓#七堵區明德二路１５之４２號１２樓,住宅大樓(11層含以上有電梯),幸福人生,72.96%,C,kfX4lpDMtdcBkkJ+QFUAQ0plVi7M0vYqCHc6MAMQKN8=,,113/06/11,有,,十二層/十二層,,29,209,1,1,0,25.08876132510615,121.7059353973718,有,,總價/總面積,陽台外推;,"266,836",N,bt_05.png,住家用,1,112,,26.80,kfX4lpDMtdcBkkJ+QFUAQ0plVi7M0vYqCHc6MAMQKN8=,房地(土地+建物),C02,"7,150,000",1,Biz,2,3房2廳2衛
住,,七堵區東新街０８９巷００４２號５樓#七堵區東新街８９巷４２號５樓,公寓(5樓含以下無電梯),蘇州庭院NO3,86.19%,C,k+8DAITKTouDxjnllm10+UplVi7M0vYqCHc6MAMQKN8=,,113/06/01,無,,五層/五層,,35,210,3,1,0,25.093826423509462,121.72270907382244,無,,總價/總面積,,"96,089",N,bt_01.png,住家用,1,40,,29.14,k+8DAITKTouDxjnllm10+UplVi7M0vYqCHc6MAMQKN8=,房地(土地+建物),C02,"2,800,000",1,Biz,2,3房2廳2衛
住,,七堵區明德二路０００１之４號１２樓#七堵區明德二路１之４號１２樓,住宅大樓(11層含以上有電梯),台北333,70.25%,C,nPoZzMN1rgDAV2TXzupKtkplVi7M0vYqCHc6MAMQKN8=,,113/06/09,有,,十二層/十二層,,27,211,1,1,0,25.089991639909588,121.70730062247422,有,,總價/總面積,,"230,410",N,bt_05.png,住家用,1,26,,32.98,nPoZzMN1rgDAV2TXzupKtkplVi7M0vYqCHc6MAMQKN8=,房地(土地+建物),C02,"7,600,000",1,Biz,2,3房2廳2衛
住,,七堵區福一街００９９之３號#七堵區福一街９９之３號,公寓(5樓含以下無電梯),,88.30%,C,,,113/06/25,無,,四層/四層,,45,212,1,1,0,25.083072129931356,121.69481003265618,無,,總價/總面積,"含土地增值稅或其他稅費80,931元;","207,412",N,bt_01.png,住家用,1,39,,28.93,3AmZ6UxYDtdO7AzOl9zjOUplVi7M0vYqCHc6MAMQKN8=,房地(土地+建物),C02,"6,000,000",1,Biz,2,3房1廳1衛
住,,七堵區堵南街０１５３號二樓#七堵區堵南街１５３號二樓,華廈(10層含以下有電梯),萬隆青青No.2,41.45%,C,aNrRfig/OblmnWTiDAdluEplVi7M0vYqCHc6MAMQKN8=,200,113/06/11,有,52.91%,二層/七層,,1,213,1,1,1,25.081331943072406,121.68266675899423,有,,(總價-車位總價)/(總面積-車位總面積),,"351,064",N,bt_06.png,住家用,1,54,,37.46,aNrRfig/OblmnWTiDAdluEplVi7M0vYqCHc6MAMQKN8=,房地(土地+建物)+車位,C02,"12,300,000",1,Biz,2,2房1廳1衛
住,,七堵區明德二路００１巷０１１３之１號#七堵區明德二路１巷１１３之１號,公寓(5樓含以下無電梯),鳳鵬,89.26%,C,t9piA44GbrAV4COroIublkplVi7M0vYqCHc6MAMQKN8=,,113/06/03,無,,二層/五層,,39,214,2,1,0,25.089545403714776,121.70621747631279,無,,總價/總面積,,"152,152",N,bt_01.png,住家用,1,43,,27.93,t9piA44GbrAV4COroIublkplVi7M0vYqCHc6MAMQKN8=,房地(土地+建物),C02,"4,250,000",1,Biz,2,3房2廳2衛
商,,七堵區南興路０１０８號５樓#七堵區南興路１０８號５樓,公寓(5樓含以下無電梯),,94.10%,C,,,113/06/11,無,,五層/五層,,35,215,1,1,0,25.096595349212798,121.71204781291986,無,,總價/總面積,頂樓加蓋;,"299,702",N,bt_01.png,住家用,1,35,,35.37,8ZEXcDYMdJgLFhuPIelQEEplVi7M0vYqCHc6MAMQKN8=,房地(土地+建物),C02,"10,600,000",1,Biz,2,5房3廳3衛
住,,七堵區福五街０１４２號７樓#七堵區福五街１４２號７樓,華廈(10層含以下有電梯),日出新台北,49.55%,C,1syWe8sUxEXhmkrstdTN10plVi7M0vYqCHc6MAMQKN8=,,113/06/01,有,,七層/七層,,32,216,1,1,1,25.08671203059171,121.6983002632707,有,,總價/總面積,親友、員工、共有人或其他特殊關係間之交易;,"271,891",N,bt_06.png,住家用,1,40,,32.73,1syWe8sUxEXhmkrstdTN10plVi7M0vYqCHc6MAMQKN8=,房地(土地+建物)+車位,C02,"8,900,000",1,Biz,2,2房1廳1衛
其他,,七堵區光明路００６６號#七堵區光明路６６號,公寓(5樓含以下無電梯),,100.00%,C,,,113/06/13,無,,一層/四層,,43,217,2,1,0,25.096888594910677,121.71489487713686,無,,總價/總面積,"二親等買賣案件 
移轉持份建物1/4 土地85/16000親友、員工、共有人或其他特殊關係間之交易;其他增建;","306,060",N,bt_01.png,住家用,1,38,,7.10,QukTTQ5ftEc2+R7lffrYikplVi7M0vYqCHc6MAMQKN8=,房地(土地+建物),C02,"2,172,000",1,Biz,2,4房2廳2衛
商,,七堵區自治街０２８巷０００３號５樓#七堵區自治街２８巷３號５樓,公寓(5樓含以下無電梯),,86.01%,C,,,113/05/22,無,,五層/五層,,37,218,1,1,0,25.096087098167175,121.71260997480589,無,,總價/總面積,,"204,770",N,bt_01.png,住家用,1,16,,29.55,KDqxoLCZm5XEVLCqSwVYs0plVi7M0vYqCHc6MAMQKN8=,房地(土地+建物),C02,"6,050,000",1,Biz,2,3房2廳2衛
商,,七堵區百五街００４３之２號#七堵區百五街４３之２號,公寓(5樓含以下無電梯),,96.11%,C,,,113/05/11,無,,三層/五層,,42,219,1,1,0,25.0839947668694,121.69635178032992,無,,總價/總面積,,"210,972",N,bt_01.png,住家用,1,27,,30.81,rulh2mMlYKZMFCS2OrKsxEplVi7M0vYqCHc6MAMQKN8=,房地(土地+建物),C02,"6,500,000",1,Biz,2,4房4衛
住,,七堵區福三街００３１之２號#七堵區福三街３１之２號,公寓(5樓含以下無電梯),,100.00%,C,,,113/05/27,無,,三層/四層,,46,220,1,1,0,25.081360434193336,121.69789320788678,無,,總價/總面積,,"248,529",N,bt_01.png,住家用,1,24,,27.36,TrILi1fliRgnNsJ7Aak6wkplVi7M0vYqCHc6MAMQKN8=,房地(土地+建物),C02,"6,800,000",1,Biz,2,3房2廳1衛
,乙種建築用地,七堵區長安街０２５４號２樓#七堵區長安街２５４號２樓,公寓(5樓含以下無電梯),,60.46%,C,,,113/05/15,無,80.27%,二層/四層,,27,221,1,1,1,25.073494902621942,121.6964509853186,無,,總價/總面積,,"174,843",N,bt_01.png,住家用,1,24,,35.75,zaCj3NFzz2404ammUbDJSkplVi7M0vYqCHc6MAMQKN8=,房地(土地+建物)+車位,C02,"6,250,000",1,Biz,2,3房2廳2衛
住,,七堵區泰和街００１３之１號#七堵區泰和街１３之１號,透天厝,,,C,,,113/05/27,無,,全/四層,,12,222,1,1,1,25.087028459850227,121.71150668978444,有,,總價/總面積,其他增建;,,N,bt_02.png,住家用,1,64,,70.17,9ilGBf4qie0ZxlkDum2vL0plVi7M0vYqCHc6MAMQKN8=,房地(土地+建物)+車位,C02,"15,200,000",1,Biz,2,4房2廳3衛
住,,七堵區福二街１５４巷０００２之２號#七堵區福二街１５４巷２之２號,公寓(5樓含以下無電梯),,91.22%,C,,,113/05/01,無,,三層/五層,,41,223,1,1,0,25.082423545899182,121.69643210791436,無,,總價/總面積,,"215,273",N,bt_01.png,住家用,1,31,,31.82,UIDvFVsnppJoVzKKhIh28EplVi7M0vYqCHc6MAMQKN8=,房地(土地+建物),C02,"6,850,000",1,Biz,2,3房2廳1衛
,丙種建築用地,七堵區綠葉街０１０５號２樓#七堵區綠葉街１０５號２樓,公寓(5樓含以下無電梯),,52.12%,C,,,113/05/07,無,66.07%,"三層,四層/四層",,25,224,2,1,1,25.089534067663152,121.66571038445107,有,,總價/總面積,親友、員工、共有人或其他特殊關係間之交易;,"184,846",N,bt_01.png,住家用,1,161,,54.10,JIudSOa8DMhzbVE7//YDk0plVi7M0vYqCHc6MAMQKN8=,房地(土地+建物)+車位,C02,"10,000,000",1,Biz,2,3房2廳2衛
住,,七堵區崇信街０４１巷０００７之４號#七堵區崇信街４１巷７之４號,公寓(5樓含以下無電梯),,88.51%,C,,,113/05/20,無,,五層/五層,,43,225,1,1,0,25.099440277880582,121.71180650940553,無,,總價/總面積,頂樓加蓋;,"183,983",N,bt_01.png,住家用,1,19,,28.81,+EaKkLxNXGmNsPW1BKCG9UplVi7M0vYqCHc6MAMQKN8=,房地(土地+建物),C02,"5,300,000",1,Biz,2,3房2廳1衛
住,,七堵區百六街１０７巷０００７號２樓#七堵區百六街１０７巷７號２樓,公寓(5樓含以下無電梯),喜洋洋,80.19%,C,ZL1bc3MNXg3HoFQ0CwLno0plVi7M0vYqCHc6MAMQKN8=,,113/05/14,無,,二層/五層,,26,226,1,1,0,25.08575372070351,121.69666904519008,無,,總價/總面積,,"267,260",N,bt_01.png,住家用,1,68,,44.90,ZL1bc3MNXg3HoFQ0CwLno0plVi7M0vYqCHc6MAMQKN8=,房地(土地+建物),C02,"12,000,000",1,Biz,2,4房2廳2衛
,丙種建築用地,七堵區綠葉街０６９巷００１２號#七堵區綠葉街６９巷１２號,公寓(5樓含以下無電梯),,66.34%,C,,,113/05/13,無,84.61%,"一層,二層/五層",,25,227,2,1,1,25.089534067663152,121.66571038445107,有,,總價/總面積,親友、員工、共有人或其他特殊關係間之交易;夾層;,"200,810",N,bt_01.png,住家用,1,161,,42.33,xw4PLVyQknA/6dZDC9EL2EplVi7M0vYqCHc6MAMQKN8=,房地(土地+建物)+車位,C02,"8,500,000",1,Biz,2,4房2廳2衛
住,,七堵區崇信街００２７之３號#七堵區崇信街２７之３號,公寓(5樓含以下無電梯),,100.00%,C,,,113/05/25,無,,四層/四層,,50,228,1,1,0,25.098823307473214,121.71244736990026,無,,總價/總面積,其他增建;,"279,481",N,bt_01.png,住家用,1,10,,20.22,FRCE2iu/QpeFuCZ9I745JkplVi7M0vYqCHc6MAMQKN8=,房地(土地+建物),C02,"5,650,000",1,Biz,2,4房2廳2衛
住,,七堵區福二街１７２巷０００４之３號#七堵區福二街１７２巷４之３號,公寓(5樓含以下無電梯),,82.87%,C,,,113/05/26,無,,四層/五層,,42,229,1,2,0,25.082965492277985,121.69637569602399,無,,總價/總面積,,"191,448",N,bt_01.png,住家用,1,43,,29.51,0v5Euuua2SAMLO20CEqqx0plVi7M0vYqCHc6MAMQKN8=,房地(土地+建物),C02,"5,650,000",1,Biz,2,3房2廳1衛
住,,七堵區崇智街０３５巷００２６之３號#七堵區崇智街３５巷２６之３號,公寓(5樓含以下無電梯),,84.74%,C,,,113/05/21,無,,四層/四層,,43,230,2,1,0,25.099987434142147,121.71254334338809,無,,總價/總面積,,"204,836",N,bt_01.png,住家用,1,13,,31.00,vi9agZoOpfr8bUfbgd9SIUplVi7M0vYqCHc6MAMQKN8=,房地(土地+建物),C02,"6,350,000",1,Biz,2,3房2廳2衛
住,,七堵區工東街００２２號３樓#七堵區工東街２２號３樓,住宅大樓(11層含以上有電梯),大地遊龍,79.76%,C,T85TM5TkAirwmGFHHDuEGUplVi7M0vYqCHc6MAMQKN8=,,113/05/28,有,,三層/十四層,,28,231,1,1,1,25.087975281955693,121.70416629145265,有,,總價/總面積,,"185,521",N,bt_05.png,住家用,1,66,,51.21,T85TM5TkAirwmGFHHDuEGUplVi7M0vYqCHc6MAMQKN8=,房地(土地+建物)+車位,C02,"9,500,000",1,Biz,2,3房2廳2衛
住,,七堵區福一街１７２巷００３２號３樓#七堵區福一街１７２巷３２號３樓,公寓(5樓含以下無電梯),,92.51%,C,,,113/05/26,無,,三層/四層,,32,232,1,1,1,25.084196164082496,121.69575812962321,無,,總價/總面積,,"230,711",N,bt_01.png,住家用,1,57,,49.85,52B0Q6eCUXMyVa0htrPqjkplVi7M0vYqCHc6MAMQKN8=,房地(土地+建物)+車位,C02,"11,500,000",1,Biz,2,3房3廳2衛
住,,七堵區福五街０１３７號#七堵區福五街１３７號,華廈(10層含以下有電梯),葛萊美NO1,64.29%,C,lQBj0nd3mQyOxTR836KssUplVi7M0vYqCHc6MAMQKN8=,,113/05/09,有,,一層/八層,,17,233,1,1,0,25.086082240854804,121.69784067683503,有,,總價/總面積,,"432,826",N,bt_06.png,住家用,1,42,,39.28,lQBj0nd3mQyOxTR836KssUplVi7M0vYqCHc6MAMQKN8=,房地(土地+建物),C02,"17,000,000",1,Biz,2,2房2廳2衛
住,,七堵區東新街００６巷００４０號#七堵區東新街６巷４０號,公寓(5樓含以下無電梯),,100.00%,C,,,113/05/22,無,,一層/四層,,48,234,1,1,0,25.09232610246748,121.71561189749028,無,,總價/總面積,廚房、廁所增建其他增建;,"280,800",N,bt_01.png,住家用,1,11,,23.50,K1QcENtBWfsJuWr2jWbGoEplVi7M0vYqCHc6MAMQKN8=,房地(土地+建物),C02,"6,600,000",1,Biz,2,3房2廳2衛
住,,七堵區百六街１０７巷００１２之２號#七堵區百六街１０７巷１２之２號,華廈(10層含以下有電梯),椰林清境,53.22%,C,TziFtW+8vWXM3q6bgX0Q10plVi7M0vYqCHc6MAMQKN8=,,113/05/28,有,70.99%,一層/十層,,19,235,1,1,1,25.08629202027652,121.69738585292296,有,,總價/總面積,,"438,850",N,bt_06.png,住家用,1,53,,44.43,TziFtW+8vWXM3q6bgX0Q10plVi7M0vYqCHc6MAMQKN8=,房地(土地+建物)+車位,C02,"19,500,000",1,Biz,2,3房2廳2衛
住,,七堵區大華一路１２５巷００２９號２樓#七堵區大華一路１２５巷２９號２樓,華廈(10層含以下有電梯),三富臻品,48.62%,C,v54Cwz6nNHbEjy816ab31UplVi7M0vYqCHc6MAMQKN8=,,113/05/25,有,51.24%,二層/七層,,7,236,3,1,1,25.100694958231394,121.71184351479735,有,,總價/總面積,,"295,693",N,bt_06.png,住家用,1,17,,51.91,v54Cwz6nNHbEjy816ab31UplVi7M0vYqCHc6MAMQKN8=,房地(土地+建物)+車位,C02,"15,350,000",1,Biz,2,3房2廳2衛
住,,七堵區大德路０２０巷０００９號#七堵區大德路２０巷９號,公寓(5樓含以下無電梯),,100.00%,C,,,113/05/31,無,,一層/二層,,46,237,1,2,0,25.08153352327235,121.68983495369118,無,,總價/總面積,陽台外推;頂樓加蓋;,"335,127",N,bt_01.png,住家用,1,42,,41.78,SHxosDHd1FWWAi/f5ZGIykplVi7M0vYqCHc6MAMQKN8=,房地(土地+建物),C02,"14,000,000",1,Biz,2,5房3廳3衛
,丙種建築用地,七堵區華新一路００２２之２６號３樓#七堵區華新一路２２之２６號３樓,公寓(5樓含以下無電梯),,53.08%,C,,,113/05/16,無,,三層/四層,,10,238,1,1,0,25.08610868588612,121.67256181213051,有,,總價/總面積,,"220,972",N,bt_01.png,住家用,1,23,,44.35,X9jXEeGmOidPy5JliMlsAEplVi7M0vYqCHc6MAMQKN8=,房地(土地+建物),C02,"9,800,000",1,Biz,2,3房2廳2衛
,乙種建築用地,七堵區長安街２３１巷００５４之２號#七堵區長安街２３１巷５４之２號,公寓(5樓含以下無電梯),,83.77%,C,,,113/05/28,無,,三層/三層,,42,239,2,1,0,25.07499735527997,121.69755976328351,無,,總價/總面積,頂樓加蓋;,"217,554",N,bt_01.png,住家用,1,14,,28.73,FRszRvcbhGvpay3TNUQJ2UplVi7M0vYqCHc6MAMQKN8=,房地(土地+建物),C02,"6,250,000",1,Biz,2,3房2廳2衛
,乙種建築用地,七堵區長安街２３１巷００９０之２號#七堵區長安街２３１巷９０之２號,公寓(5樓含以下無電梯),,83.12%,C,,,113/05/29,無,,三層/三層,,42,240,1,1,0,25.074876600272347,121.69828268560568,無,,總價/總面積,頂樓加蓋;,"111,759",N,bt_01.png,住家用,1,14,,26.84,qFQ3FFf1Hxi8eoxKxQrQ3EplVi7M0vYqCHc6MAMQKN8=,房地(土地+建物),C02,"3,000,000",1,Biz,2,3房2廳1衛
住,,七堵區工東街００２０號５樓之３#七堵區工東街２０號５樓之３,住宅大樓(11層含以上有電梯),大地遊龍,79.08%,C,X9PpeRnBmmsAD0823g4b5EplVi7M0vYqCHc6MAMQKN8=,,113/05/10,有,,五層/十四層,,28,241,1,1,1,25.087975281955693,121.70416629145265,有,,總價/總面積,陽台外推;,"195,226",N,bt_05.png,住家用,1,66,,46.61,X9PpeRnBmmsAD0823g4b5EplVi7M0vYqCHc6MAMQKN8=,房地(土地+建物)+車位,C02,"9,100,000",1,Biz,2,3房2廳2衛
住,,七堵區福五街０１７７號４樓#七堵區福五街１７７號４樓,華廈(10層含以下有電梯),百福吉慶,55.12%,C,xwuvGdYLc+xxjRmE1qT24EplVi7M0vYqCHc6MAMQKN8=,,113/05/05,有,,四層/六層,,29,242,1,1,1,25.08765467408708,121.6975026233362,有,,總價/總面積,"機械車位因設備老舊已拆除,目前為平面停車空間,區權會決議有車位者每年抽籤決定停放位置","303,028",N,bt_06.png,住家用,1,26,,30.89,xwuvGdYLc+xxjRmE1qT24EplVi7M0vYqCHc6MAMQKN8=,房地(土地+建物)+車位,C02,"9,360,000",1,Biz,2,3房2廳1衛
住,,七堵區福一街１１０巷００２２之２號#七堵區福一街１１０巷２２之２號,公寓(5樓含以下無電梯),,100.00%,C,,,113/05/05,無,,三層/四層,,43,243,4,1,0,25.082389804397675,121.69592635273253,無,,總價/總面積,,"238,969",N,bt_01.png,住家用,1,39,,26.15,Nz6wbsJBTrA36Qq7IY9+pkplVi7M0vYqCHc6MAMQKN8=,房地(土地+建物),C02,"6,250,000",1,Biz,2,3房2廳1衛
住,,七堵區崇義街００２４之３號#七堵區崇義街２４之３號,公寓(5樓含以下無電梯),,100.00%,C,,,113/05/29,無,,四層/五層,,44,244,2,1,0,25.09883544032082,121.7155506241185,無,,總價/總面積,,"228,079",N,bt_01.png,住家用,1,31,,22.36,QNgtJMiKnVlXqEp6dBGN1kplVi7M0vYqCHc6MAMQKN8=,房地(土地+建物),C02,"5,100,000",1,Biz,2,3房2廳1衛
住,,七堵區福一街０２０巷００２３之３號#七堵區福一街２０巷２３之３號,公寓(5樓含以下無電梯),,100.00%,C,,,113/05/10,無,,四層/四層,,44,245,1,1,0,25.08047670051274,121.69575693033113,無,,總價/總面積,買賣關係  兄妹親友、員工、共有人或其他特殊關係間之交易;頂樓加蓋;,"108,291",N,bt_01.png,住家用,1,38,,27.70,F+e1IngMmqme3Q2rudCk0kplVi7M0vYqCHc6MAMQKN8=,房地(土地+建物),C02,"3,000,000",1,Biz,2,3房2廳1衛
住,,七堵區福二街１５４巷００２３之２號#七堵區福二街１５４巷２３之２號,公寓(5樓含以下無電梯),,100.00%,C,,,113/05/18,無,,三層/五層,,43,246,1,1,0,25.08273528486644,121.6973359595374,無,,總價/總面積,親友、員工、共有人或其他特殊關係間之交易;,"123,511",N,bt_01.png,住家用,1,26,,25.50,FtoSMUJqZ2H5UANDcQmXy0plVi7M0vYqCHc6MAMQKN8=,房地(土地+建物),C02,"3,150,000",1,Biz,2,2房2廳1衛
,乙種建築用地,七堵區長安街２４３巷００１８號#七堵區長安街２４３巷１８號,透天厝,,,C,,,113/05/16,無,,全/二層,,42,247,1,1,0,25.07412386003987,121.69708893377864,無,,總價/總面積,,,N,bt_02.png,住家用,1,11,,30.86,h1f+lW+iffP37oFFxL90oUplVi7M0vYqCHc6MAMQKN8=,房地(土地+建物),C02,"3,900,000",1,Biz,2,3房2廳2衛
住,,七堵區百二街０００８號１１樓#七堵區百二街８號１１樓,住宅大樓(11層含以上有電梯),公園京站,47.50%,C,2Jp8MdIPyIfqkIXu+P6/nEplVi7M0vYqCHc6MAMQKN8=,,113/05/07,有,60.82%,十一層/十三層,,9,248,1,1,1,25.080513882319245,121.69552914438346,有,,總價/總面積,親友、員工、共有人或其他特殊關係間之交易;,"162,139",N,bt_05.png,住家用,1,39,,49.34,2Jp8MdIPyIfqkIXu+P6/nEplVi7M0vYqCHc6MAMQKN8=,房地(土地+建物)+車位,C02,"8,000,000",1,Biz,2,3房2廳2衛
住,,七堵區福五街０１４２號２樓#七堵區福五街１４２號２樓,華廈(10層含以下有電梯),日出新台北,58.19%,C,8N9E0W7Hg2/df9O7IxhTFEplVi7M0vYqCHc6MAMQKN8=,,113/05/07,有,,二層/七層,,32,249,1,1,0,25.08671203059171,121.6983002632707,有,,總價/總面積,,"274,466",N,bt_06.png,住家用,1,40,,27.87,8N9E0W7Hg2/df9O7IxhTFEplVi7M0vYqCHc6MAMQKN8=,房地(土地+建物),C02,"7,650,000",1,Biz,2,2房2廳1衛
住,,七堵區泰和街００６７號３樓#七堵區泰和街６７號３樓,公寓(5樓含以下無電梯),,83.92%,C,,,113/05/04,無,,三層/四層,,30,250,1,1,0,25.086198110096767,121.7114622355736,無,,總價/總面積,,"204,717",N,bt_01.png,住家用,1,41,,25.40,6a66dYbtwNdOUQ2z/xmHnkplVi7M0vYqCHc6MAMQKN8=,房地(土地+建物),C02,"5,200,000",1,Biz,2,3房2廳2衛
住,,七堵區東新街０８９巷０００２號３樓#七堵區東新街８９巷２號３樓,公寓(5樓含以下無電梯),蘇州庭院NO1,84.26%,C,JK2uA818GrpEXnR5kR2ntkplVi7M0vYqCHc6MAMQKN8=,,113/05/18,無,,三層/五層,,38,251,3,1,0,25.09413586412476,121.72219536713716,無,,總價/總面積,,"167,375",N,bt_01.png,住家用,1,55,,36.45,JK2uA818GrpEXnR5kR2ntkplVi7M0vYqCHc6MAMQKN8=,房地(土地+建物),C02,"6,100,000",1,Biz,2,3房2廳1衛
住,,七堵區崇義街００６３號５樓#七堵區崇義街６３號５樓,公寓(5樓含以下無電梯),,82.58%,C,,,113/05/09,無,,五層/五層,,33,252,1,1,0,25.099895542648877,121.71475372478035,無,,總價/總面積,,"151,673",N,bt_01.png,住家用,1,60,,30.33,xAfS5QHJ7vsO7Aq1DeMELUplVi7M0vYqCHc6MAMQKN8=,房地(土地+建物),C02,"4,600,000",1,Biz,2,3房1廳1衛
商,,七堵區明德一路００２８之４號#七堵區明德一路２８之４號,公寓(5樓含以下無電梯),,94.17%,C,,,113/05/04,無,,五層/五層,,39,253,1,1,0,25.099654769679333,121.71787535784999,無,,總價/總面積,鐵鋁窗增建陽台外推;頂樓加蓋;未登記建物;,"157,726",N,bt_01.png,住家用,1,31,,37.09,dDkMtE3yBpr+7GmtltSGhkplVi7M0vYqCHc6MAMQKN8=,房地(土地+建物),C02,"5,850,000",1,Biz,2,3房2廳1衛
,丙種建築用地,七堵區自強路００９８號３樓#七堵區自強路９８號３樓,公寓(5樓含以下無電梯),,89.28%,C,,,113/05/12,無,,三層/三層,,32,254,1,1,0,25.109527979970903,121.7129258351444,無,,總價/總面積,其他增建;,"128,522",N,bt_01.png,住家用,1,9,,10.89,hAsjcMn1GLfEm7xaPXzFpkplVi7M0vYqCHc6MAMQKN8=,房地(土地+建物),C02,"1,400,000",1,Biz,2,
住,,七堵區永富路００２８號２樓#七堵區永富路２８號２樓,公寓(5樓含以下無電梯),,90.68%,C,,,113/04/05,無,,二層/四層,,40,255,3,1,0,25.099795563248044,121.71676576705264,無,,總價/總面積,,"262,264",N,bt_01.png,住家用,1,40,,32.41,tzTz8fKkyB8gekn3HtF6qEplVi7M0vYqCHc6MAMQKN8=,房地(土地+建物),C02,"8,500,000",1,Biz,2,4房2廳1衛
住,,七堵區百二街０７５巷００２７之３號#七堵區百二街７５巷２７之３號,公寓(5樓含以下無電梯),,100.00%,C,,,113/04/20,無,,四層/五層,,43,256,2,1,0,25.081139292234177,121.69692048765256,無,,總價/總面積,,"126,800",N,bt_01.png,住家用,1,47,,22.24,6gXmF43HQmkFn163Y3Xiy0plVi7M0vYqCHc6MAMQKN8=,房地(土地+建物),C02,"2,820,000",1,Biz,2,3房2廳1衛
住,,七堵區明德二路００１５之５１號１２樓之９#七堵區明德二路１５之５１號１２樓之９,住宅大樓(11層含以上有電梯),幸福人生,69.31%,C,npBQlqc4ll0Ml5L5GJPdy0plVi7M0vYqCHc6MAMQKN8=,,113/04/22,有,,十二層/十二層,,29,257,1,1,0,25.08876132510615,121.7059353973718,有,,總價/總面積,,"278,909",N,bt_05.png,住家用,1,112,,21.15,npBQlqc4ll0Ml5L5GJPdy0plVi7M0vYqCHc6MAMQKN8=,房地(土地+建物),C02,"5,900,000",1,Biz,2,2房1廳1衛
住,,七堵區百五街００１２之４號#七堵區百五街１２之４號,公寓(5樓含以下無電梯),,94.87%,C,,,113/04/12,無,,五層/五層,,42,258,1,1,0,25.083582099441827,121.6957943106924,無,,總價/總面積,,"220,337",N,bt_01.png,住家用,1,41,,28.14,5xxO3Ul5aMwSE0VoVScQVkplVi7M0vYqCHc6MAMQKN8=,房地(土地+建物),C02,"6,200,000",1,Biz,2,6房4廳2衛
住,,七堵區崇信街０４１巷００２２之７號#七堵區崇信街４１巷２２之７號,公寓(5樓含以下無電梯),,100.00%,C,,,113/04/04,無,,四層/四層,,48,259,1,1,0,25.09927900605592,121.71154780253568,無,,總價/總面積,,"206,040",N,bt_01.png,住家用,1,14,,12.04,L9NLT60eaHchz5ngKgWu+UplVi7M0vYqCHc6MAMQKN8=,房地(土地+建物),C02,"2,480,000",1,Biz,2,1房1廳1衛
,丙種建築用地,七堵區綠葉街０３０巷０００８號４樓#七堵區綠葉街３０巷８號４樓,華廈(10層含以下有電梯),,49.20%,C,,,113/04/06,有,,四層/六層,,12,260,1,1,1,25.09165222601285,121.66646538104193,有,,總價/總面積,車位編號：57號,"193,078",N,bt_06.png,住家用,1,69,,64.74,ziz4JEnDpk8s5mFwtsW9uUplVi7M0vYqCHc6MAMQKN8=,房地(土地+建物)+車位,C02,"12,500,000",1,Biz,2,4房2廳2衛
住,,七堵區崇孝街００４５號４樓#七堵區崇孝街４５號４樓,公寓(5樓含以下無電梯),,94.33%,C,,,113/04/06,無,,四層/五層,,35,261,2,1,0,25.097935081337273,121.70940846200598,無,,總價/總面積,,"192,331",N,bt_01.png,住家用,1,28,,26.26,0hWnPeBBuvIY6LiY3YyCrkplVi7M0vYqCHc6MAMQKN8=,房地(土地+建物),C02,"5,050,000",1,Biz,2,3房2廳1衛
,丙種建築用地,七堵區綠葉街１０７巷００２９號#七堵區綠葉街１０７巷２９號,透天厝,,,C,,,113/04/20,無,,全/四層,,25,262,2,1,1,25.089534067663152,121.66571038445107,有,,總價/總面積,其他增建:頂樓遮雨棚其他增建;,,N,bt_02.png,住家用,1,161,,68.70,U42KltJCF4yktS+E8tio10plVi7M0vYqCHc6MAMQKN8=,房地(土地+建物)+車位,C02,"11,000,000",1,Biz,2,4房2廳3衛
住,,七堵區崇孝街０４２巷０４８弄０００１之１號#七堵區崇孝街４２巷４８弄１之１號,公寓(5樓含以下無電梯),,81.02%,C,,,113/04/20,無,,二層/五層,,42,263,1,1,0,25.099408776667953,121.71084463265191,無,,總價/總面積,,"153,395",N,bt_01.png,住家用,1,45,,35.86,uJ1No7XO9skzP2Qu6qHov0plVi7M0vYqCHc6MAMQKN8=,房地(土地+建物),C02,"5,500,000",1,Biz,2,3房2廳2衛
住,,七堵區堵南街０１４１號五樓#七堵區堵南街１４１號五樓,華廈(10層含以下有電梯),萬隆青青No.2,46.69%,C,kupA+e+u+BpF4357P9Gz50plVi7M0vYqCHc6MAMQKN8=,,113/04/08,有,,五層/七層,,1,264,1,1,1,25.081331943072406,121.68266675899423,有,,總價/總面積,,"269,669",N,bt_06.png,住家用,1,54,,47.47,kupA+e+u+BpF4357P9Gz50plVi7M0vYqCHc6MAMQKN8=,房地(土地+建物)+車位,C02,"12,800,000",1,Biz,2,3房2廳2衛
住,,七堵區崇智街０１１巷００１３號５樓#七堵區崇智街１１巷１３號５樓,公寓(5樓含以下無電梯),,88.80%,C,,,113/04/26,無,,五層/五層,,35,265,2,1,0,25.09904671244032,121.712924552574,無,,總價/總面積,頂樓加蓋;,"201,405",N,bt_01.png,住家用,1,32,,47.17,dCeY7CiJ7mvNN5VjlNLtTUplVi7M0vYqCHc6MAMQKN8=,房地(土地+建物),C02,"9,500,000",1,Biz,2,4房3廳3衛
住,,七堵區永富路００６４號２樓#七堵區永富路６４號２樓,公寓(5樓含以下無電梯),,100.00%,C,,,113/04/25,無,,二層/五層,,43,266,1,1,0,25.100007252963316,121.71592427537718,無,,總價/總面積,,"208,582",N,bt_01.png,住家用,1,29,,20.62,lRQtL4ILkK+GKoiaksqom0plVi7M0vYqCHc6MAMQKN8=,房地(土地+建物),C02,"4,300,000",1,Biz,2,2房2廳1衛
住,,七堵區永富路００７２號３樓#七堵區永富路７２號３樓,公寓(5樓含以下無電梯),,100.00%,C,,,113/04/17,無,,三層/五層,,,267,1,1,0,25.100007252963316,121.71592427537718,無,,總價/總面積,,"267,676",N,bt_01.png,住家用,1,29,,17.93,YHtJS+11j1N5MkFrzpdiZkplVi7M0vYqCHc6MAMQKN8=,房地(土地+建物),C02,"4,800,000",1,Biz,2,2房1廳1衛
,丙種建築用地,七堵區自強路００９２號#七堵區自強路９２號,透天厝,,,C,,,113/04/13,無,,全/二層,,35,268,1,1,0,25.109383685835862,121.7128952527854,無,,總價/總面積,其他增建;,,N,bt_02.png,住家用,1,12,,33.98,JWMNJTrilfs1PIV+ntLEbUplVi7M0vYqCHc6MAMQKN8=,房地(土地+建物),C02,"8,800,000",1,Biz,2,6房2廳2衛
住,,七堵區大德路０１４６號２樓#七堵區大德路１４６號２樓,華廈(10層含以下有電梯),樂透台北,53.15%,C,q5NPhqI0tZbUvvZsl/Y6S0plVi7M0vYqCHc6MAMQKN8=,,113/04/23,有,69.26%,二層/九層,,24,269,1,1,1,25.084068369121326,121.69219858166208,有,,總價/總面積,,"209,051",N,bt_06.png,住家用,1,42,,43.05,q5NPhqI0tZbUvvZsl/Y6S0plVi7M0vYqCHc6MAMQKN8=,房地(土地+建物)+車位,C02,"9,000,000",1,Biz,2,3房2廳2衛
商,,七堵區南興路０６３巷００８弄０００３之３號#七堵區南興路６３巷８弄３之３號,公寓(5樓含以下無電梯),,100.00%,C,,,113/04/07,無,,四層/四層,,48,270,1,1,0,25.09658643872995,121.71390170659798,無,,總價/總面積,,"301,732",N,bt_01.png,住家用,1,12,,24.86,ylPQE1sppf4nSPIoTQat2kplVi7M0vYqCHc6MAMQKN8=,房地(土地+建物),C02,"7,500,000",1,Biz,2,3房2廳2衛
住,,七堵區明德二路００１５之４７號１２樓之１#七堵區明德二路１５之４７號１２樓之１,住宅大樓(11層含以上有電梯),幸福人生,71.58%,C,cu96FFyUo33t/NX6d5ILk0plVi7M0vYqCHc6MAMQKN8=,,113/04/28,有,,十二層/十二層,,29,271,1,1,0,25.08876132510615,121.7059353973718,有,,總價/總面積,,"264,020",N,bt_05.png,住家用,1,112,,19.92,cu96FFyUo33t/NX6d5ILk0plVi7M0vYqCHc6MAMQKN8=,房地(土地+建物),C02,"5,260,000",1,Biz,2,2房2廳1衛
住,,七堵區福二街０１３０之３號#七堵區福二街１３０之３號,公寓(5樓含以下無電梯),,94.01%,C,,,113/04/30,無,,四層/五層,,41,272,1,1,0,25.082125502752753,121.6964601605225,無,,總價/總面積,,"209,051",N,bt_01.png,住家用,1,22,,25.35,2EEH64WXjVobTH2A+JHglkplVi7M0vYqCHc6MAMQKN8=,房地(土地+建物),C02,"5,300,000",1,Biz,2,3房2廳1衛
住,,七堵區明德二路００１５之２３號１１樓之９#七堵區明德二路１５之２３號１１樓之９,住宅大樓(11層含以上有電梯),幸福人生,80.89%,C,8ENu0YR9UwvL/P6ad5yic0plVi7M0vYqCHc6MAMQKN8=,,113/04/16,有,,十一層/十二層,,29,273,1,1,1,25.08876132510615,121.7059353973718,有,,總價/總面積,,"230,701",N,bt_05.png,住家用,1,112,,32.51,8ENu0YR9UwvL/P6ad5yic0plVi7M0vYqCHc6MAMQKN8=,房地(土地+建物)+車位,C02,"7,500,000",1,Biz,2,2房1廳1衛
住,,七堵區明德二路００１５之４３號４樓#七堵區明德二路１５之４３號４樓,住宅大樓(11層含以上有電梯),幸福人生,81.57%,C,wNTAltD+JZkRPFVxHPC+VEplVi7M0vYqCHc6MAMQKN8=,,113/04/29,有,,四層/十二層,,29,274,1,1,1,25.08876132510615,121.7059353973718,有,,總價/總面積,,"214,711",N,bt_05.png,住家用,1,112,,39.12,wNTAltD+JZkRPFVxHPC+VEplVi7M0vYqCHc6MAMQKN8=,房地(土地+建物)+車位,C02,"8,400,000",1,Biz,2,3房2廳2衛
住,,七堵區堵南街００５１號７樓#七堵區堵南街５１號７樓,華廈(10層含以下有電梯),富貴大樓,77.13%,C,OeO72a2YcByYkB49BQZmRkplVi7M0vYqCHc6MAMQKN8=,,113/04/12,有,,七層/七層,,29,275,1,1,0,25.08172560018966,121.68344215543766,有,,總價/總面積,,"224,374",N,bt_06.png,住家用,1,27,,33.43,OeO72a2YcByYkB49BQZmRkplVi7M0vYqCHc6MAMQKN8=,房地(土地+建物),C02,"7,500,000",1,Biz,2,3房2廳2衛
商,,七堵區東新街０００８之２號#七堵區東新街８之２號,公寓(5樓含以下無電梯),,100.00%,C,,,113/04/03,無,,三層/三層,,51,276,2,1,0,25.092962622703578,121.71466387037594,無,,總價/總面積,頂樓加蓋;,"132,628",N,bt_01.png,住家用,1,9,,9.05,p6FU1j70CQheUpxiKCo9SUplVi7M0vYqCHc6MAMQKN8=,房地(土地+建物),C02,"1,200,000",1,Biz,2,3房2廳1衛
商,,七堵區東新街０００８之２號#七堵區東新街８之２號,公寓(5樓含以下無電梯),,100.00%,C,,,113/04/03,無,,三層/三層,,51,277,2,1,0,25.092962622703578,121.71466387037594,無,,總價/總面積,頂樓加蓋;,"198,945",N,bt_01.png,住家用,1,9,,9.05,cO/Nc9AtduH8CaWNyF6a1UplVi7M0vYqCHc6MAMQKN8=,房地(土地+建物),C02,"1,800,000",1,Biz,2,3房2廳1衛
住,,七堵區永富路０２１０號５樓#七堵區永富路２１０號５樓,華廈(10層含以下有電梯),首盛永富,48.11%,C,8p+xaTZv5PFjmRuEJ65Jb0plVi7M0vYqCHc6MAMQKN8=,150,113/04/07,有,64.68%,五層/七層,,18,278,1,1,1,25.098414650043395,121.71106691569152,有,,(總價-車位總價)/(總面積-車位總面積),,"315,488",N,bt_06.png,住家用,1,34,,41.33,8p+xaTZv5PFjmRuEJ65Jb0plVi7M0vYqCHc6MAMQKN8=,房地(土地+建物)+車位,C02,"11,200,000",1,Biz,2,3房2廳2衛
住,,七堵區福一街０５１巷０００４之２號#七堵區福一街５１巷４之２號,公寓(5樓含以下無電梯),,100.00%,C,,,113/04/20,無,,三層/四層,,46,279,1,1,0,25.081384020667308,121.6947905902979,無,,總價/總面積,親友、員工、共有人或其他特殊關係間之交易;,"209,279",N,bt_01.png,住家用,1,41,,11.95,NE1LRi3Vkm10/VfR1FFcHkplVi7M0vYqCHc6MAMQKN8=,房地(土地+建物),C02,"2,500,000",1,Biz,2,3房1廳1衛
住,,七堵區崇信街０４１巷０００１之４號#七堵區崇信街４１巷１之４號,公寓(5樓含以下無電梯),,60.62%,C,,,113/04/25,無,,五層/五層,,42,280,1,1,0,25.099555821891876,121.71218392482996,無,,總價/總面積,,"165,779",N,bt_01.png,住家用,1,14,,29.56,uthObusc4jFDkqrEHkTtR0plVi7M0vYqCHc6MAMQKN8=,房地(土地+建物),C02,"4,900,000",1,Biz,2,4房1廳1衛
住,,七堵區明德一路００２巷００３弄００３８號底層#七堵區明德一路２巷３弄３８號底層,公寓(5樓含以下無電梯),,100.00%,C,,,113/04/30,無,,一層/四層,,43,281,1,1,0,25.100204294868796,121.71625259872344,無,,總價/總面積,,"203,785",N,bt_01.png,住家用,1,12,,24.54,yDxcGsj+9XiEruXBM/lOJkplVi7M0vYqCHc6MAMQKN8=,房地(土地+建物),C02,"5,000,000",1,Biz,2,3房2廳1衛
,丙種建築用地,七堵區綠葉街０１６６號#七堵區綠葉街１６６號,透天厝,,,C,,,113/04/20,無,,全/四層,,16,282,1,1,0,25.091990487456453,121.66552539879932,有,,總價/總面積,"陽台外推,一樓法定空地、二樓、頂樓加設採光罩。陽台外推;其他增建;",,N,bt_02.png,住家用,1,161,,80.07,Ap1Fb1tZ2Sd6MfTI2VHOnEplVi7M0vYqCHc6MAMQKN8=,房地(土地+建物),C02,"16,080,000",1,Biz,2,4房2廳4衛
住,,七堵區明德二路００１５之２３號１２樓之５#七堵區明德二路１５之２３號１２樓之５,住宅大樓(11層含以上有電梯),幸福人生,70.35%,C,9PQXR9aJutiRdRQt16KyhEplVi7M0vYqCHc6MAMQKN8=,,113/04/16,有,,十二層/十二層,,29,283,1,1,0,25.08876132510615,121.7059353973718,有,,總價/總面積,,"304,251",N,bt_05.png,住家用,1,112,,14.40,9PQXR9aJutiRdRQt16KyhEplVi7M0vYqCHc6MAMQKN8=,房地(土地+建物),C02,"4,380,000",1,Biz,2,1房1廳1衛
住,,七堵區明德二路００１５之２２號１０樓之１#七堵區明德二路１５之２２號１０樓之１,住宅大樓(11層含以上有電梯),幸福人生,84.15%,C,bggc3CwDA487imrpk9negkplVi7M0vYqCHc6MAMQKN8=,,113/04/11,有,90.83%,十層/十二層,,29,284,1,1,1,25.08876132510615,121.7059353973718,有,,總價/總面積,,"232,972",N,bt_05.png,住家用,1,112,,49.36,bggc3CwDA487imrpk9negkplVi7M0vYqCHc6MAMQKN8=,房地(土地+建物)+車位,C02,"11,500,000",1,Biz,2,4房2廳2衛
,乙種建築用地,七堵區長安街２１０巷００４２號四樓#七堵區長安街２１０巷４２號四樓,華廈(10層含以下有電梯),,37.40%,C,,152,113/04/30,有,57.11%,四層/八層,,,285,1,1,1,25.07466071060672,121.69426693835572,有,,(總價-車位總價)/(總面積-車位總面積),原權利人於113年4月30日加購車位152萬元，總價計669萬元預售屋、或土地及建物分件登記案件;,"200,175",N,bt_06.png,住家用,1,43,,39.44,nPM7MHCQgs3glTY70C3eHEplVi7M0vYqCHc6MAMQKN8=,房地(土地+建物)+車位,C02,"6,690,000",1,Biz,2,2房1廳1衛
,丙種建築用地,七堵區自強路００９８號#七堵區自強路９８號,公寓(5樓含以下無電梯),,89.28%,C,,,113/04/01,無,,一層/三層,,32,286,1,1,0,25.109527979970903,121.7129258351444,無,,總價/總面積,其他增建;,"91,802",N,bt_01.png,住家用,1,9,,10.89,2+SypcaicC6mh3Wx41RQEEplVi7M0vYqCHc6MAMQKN8=,房地(土地+建物),C02,"1,000,000",1,Biz,2,2房1廳1衛
,丙種建築用地,七堵區綠葉街０３０巷００１０號５樓#七堵區綠葉街３０巷１０號５樓,華廈(10層含以下有電梯),,48.63%,C,,,113/04/10,有,,五層/六層,,12,287,1,1,1,25.09165222601285,121.66646538104193,有,,總價/總面積,,"221,769",N,bt_06.png,住家用,1,69,,63.08,ybMXUfrxsBVEQ8o2QLNzH0plVi7M0vYqCHc6MAMQKN8=,房地(土地+建物)+車位,C02,"13,990,000",1,Biz,2,3房2廳2衛
住,,七堵區泰和街００６４之１號#七堵區泰和街６４之１號,公寓(5樓含以下無電梯),,85.55%,C,,,113/04/11,無,,二層/四層,,34,288,1,1,0,25.08583007208291,121.71102392343926,無,,總價/總面積,陽台外推;,"246,582",N,bt_01.png,住家用,1,34,,23.85,xqqCps42hh+8JR0MJtFk4kplVi7M0vYqCHc6MAMQKN8=,房地(土地+建物),C02,"5,880,000",1,Biz,2,3房2廳2衛
,乙種建築用地,七堵區長安街２８６巷０１０６號４樓#七堵區長安街２８６巷１０６號４樓,公寓(5樓含以下無電梯),,88.57%,C,,,113/04/10,無,,四層/五層,,27,289,1,1,0,25.073815803607037,121.695402092931,無,,總價/總面積,陽台外推;,"132,509",N,bt_01.png,住家用,1,50,,34.71,YW9n3OpuXAT/xC0lieECcUplVi7M0vYqCHc6MAMQKN8=,房地(土地+建物),C02,"4,600,000",1,Biz,2,3房2廳2衛
住,,七堵區福五街００２０之３號#七堵區福五街２０之３號,公寓(5樓含以下無電梯),,100.00%,C,,,113/04/07,無,,四層/五層,,43,290,1,1,0,25.082897104188742,121.6993987933956,無,,總價/總面積,陽台外推;,"194,076",N,bt_01.png,住家用,1,39,,24.73,g0gEbwx2hWyo73h8dpaXpUplVi7M0vYqCHc6MAMQKN8=,房地(土地+建物),C02,"4,800,000",1,Biz,2,3房1廳1衛
,丙種建築用地,七堵區綠葉街０３２巷００６９號#七堵區綠葉街３２巷６９號,透天厝,,,C,,,113/04/08,無,,全/四層,,16,291,1,1,0,25.091990487456453,121.66552539879932,有,,總價/總面積,本案產權為1/2出售給二親等之共有人親友、員工、共有人或其他特殊關係間之交易;其他增建;,,N,bt_02.png,住家用,1,161,,39.32,FhTivrZeB+lTgki5DcMC4kplVi7M0vYqCHc6MAMQKN8=,房地(土地+建物),C02,"7,000,000",1,Biz,2,4房3廳4衛
